"","Samp","PC_LD1","PC_LD2","Country","Year","TimeBin","Region","H_C"
"1","Antwerp_1_10",-0.020355815,-0.022329466,"Belgium",2018,"Contemp","","C"
"2","Antwerp_1_11",-0.021167703,-0.009698173,"Belgium",2018,"Contemp","","C"
"3","Antwerp_1_13",-0.002221528,-0.026587074,"Belgium",2018,"Contemp","","C"
"4","Antwerp_1_17",-0.013595847,-0.025408165,"Belgium",2018,"Contemp","","C"
"5","Antwerp_1_2",-0.010051324,0.001163286,"Belgium",2018,"Contemp","","C"
"6","Antwerp_1_5",-0.006500481,-0.028386335,"Belgium",2018,"Contemp","","C"
"7","Antwerp_1_7",-0.010322186,-0.025881382,"Belgium",2018,"Contemp","","C"
"8","Antwerp_1_9",-0.012797928,-0.016979414,"Belgium",2018,"Contemp","","C"
"9","Antwerp_2_11",-0.010249978,-0.027370302,"Belgium",2018,"Contemp","","C"
"10","Antwerp_2_13",-0.000957649,-0.024364828,"Belgium",2018,"Contemp","","C"
"11","Antwerp_2_3",-0.014865688,-0.001501224,"Belgium",2018,"Contemp","","C"
"12","Antwerp_2_4",-0.004943735,-0.028096755,"Belgium",2018,"Contemp","","C"
"13","Antwerp_2_6",-0.004938555,-0.030921532,"Belgium",2018,"Contemp","","C"
"14","Antwerp_2_7",-0.015200668,-0.026361449,"Belgium",2018,"Contemp","","C"
"15","Antwerp_2_9",-0.013051225,-0.026421004,"Belgium",2018,"Contemp","","C"
"16","Antwerp_3_10",-0.007291095,-0.02737323,"Belgium",2018,"Contemp","","C"
"17","Antwerp_3_14",-0.008830342,-0.023934729,"Belgium",2018,"Contemp","","C"
"18","Antwerp_3_15",-0.011647401,-0.024706117,"Belgium",2018,"Contemp","","C"
"19","Antwerp_3_1",-0.020405042,-0.020073057,"Belgium",2018,"Contemp","","C"
"20","Antwerp_3_5",-0.009222401,-0.025679156,"Belgium",2018,"Contemp","","C"
"21","Antwerp_36_11",-0.002536233,-0.032021046,"Belgium",2018,"Contemp","","C"
"22","Antwerp_36_12",-0.009169683,-0.032141852,"Belgium",2018,"Contemp","","C"
"23","Antwerp_36_13",0.000435958,-0.023792045,"Belgium",2018,"Contemp","","C"
"24","Antwerp_36_14",-0.00050425,-0.020040227,"Belgium",2018,"Contemp","","C"
"25","Antwerp_36_4",-0.00631371,-0.013193391,"Belgium",2018,"Contemp","","C"
"26","Antwerp_36_7",0.001287829,-0.035747607,"Belgium",2018,"Contemp","","C"
"27","Antwerp_36_8",-0.017073905,-0.021886267,"Belgium",2018,"Contemp","","C"
"28","Antwerp_37_11",-0.017751886,-0.022258314,"Belgium",2018,"Contemp","","C"
"29","Antwerp_37_13",-0.016440262,-0.024972358,"Belgium",2018,"Contemp","","C"
"30","Antwerp_37_17",0.002555541,-0.029828987,"Belgium",2018,"Contemp","","C"
"31","Antwerp_37_19",-0.00314912,-0.029323604,"Belgium",2018,"Contemp","","C"
"32","Antwerp_37_1",0.001648052,-0.031884318,"Belgium",2018,"Contemp","","C"
"33","Antwerp_37_6",-0.000637077,-0.021240854,"Belgium",2018,"Contemp","","C"
"34","Antwerp_37_9",0.000951007,-0.02893093,"Belgium",2018,"Contemp","","C"
"35","Antwerp_38_10",-0.013203578,-0.017737837,"Belgium",2018,"Contemp","","C"
"36","Antwerp_38_12",-0.00659443,-0.026352656,"Belgium",2018,"Contemp","","C"
"37","Antwerp_38_14",-0.01463648,-0.028710859,"Belgium",2018,"Contemp","","C"
"38","Antwerp_38_17",-0.004071148,-0.029960136,"Belgium",2018,"Contemp","","C"
"39","Antwerp_39_15",-0.005928936,0.004944124,"Belgium",2018,"Contemp","","C"
"40","Antwerp_39_4",-0.000183597,0.035868344,"Belgium",2018,"Contemp","","C"
"41","Antwerp_39_9",-0.005856603,0.033874253,"Belgium",2018,"Contemp","","C"
"42","Antwerp_40_1",-0.007662638,-0.020918817,"Belgium",2018,"Contemp","","C"
"43","Antwerp_40_5",-0.011459633,-0.027327743,"Belgium",2018,"Contemp","","C"
"44","Antwerp_40_6",-0.014942726,-0.024392043,"Belgium",2018,"Contemp","","C"
"45","Antwerp_40_7",-0.002837013,-0.028281334,"Belgium",2018,"Contemp","","C"
"46","Antwerp_4_10",-0.014537779,-0.027767724,"Belgium",2018,"Contemp","","C"
"47","Antwerp_4_11",-0.019732489,-0.024033921,"Belgium",2018,"Contemp","","C"
"48","Antwerp_4_15",-0.012806908,0.024368206,"Belgium",2018,"Contemp","","C"
"49","Antwerp_4_16",-0.009427933,0.001662905,"Belgium",2018,"Contemp","","C"
"50","Antwerp_4_3",-0.013354468,-0.024431402,"Belgium",2018,"Contemp","","C"
"51","Antwerp_5_10",-0.010118899,-0.034767739,"Belgium",2018,"Contemp","","C"
"52","Antwerp_5_18",-0.010138694,-0.031882724,"Belgium",2018,"Contemp","","C"
"53","Antwerp_5_4",-0.011959201,-0.032033291,"Belgium",2018,"Contemp","","C"
"54","Antwerp_5_5",-0.011876449,-0.028319232,"Belgium",2018,"Contemp","","C"
"55","Antwerp_5_6",-0.008548095,-0.030903333,"Belgium",2018,"Contemp","","C"
"56","Antwerp_5_8",-0.01017262,-0.023266673,"Belgium",2018,"Contemp","","C"
"57","Antwerp_5_9",-0.013405692,-0.030566974,"Belgium",2018,"Contemp","","C"
"58","Paris_11_10",0.001708878,-0.011330377,"France",2018,"Contemp","","C"
"59","Paris_11_12",-0.024723029,0.003096441,"France",2018,"Contemp","","C"
"60","Paris_11_14",0.003157117,-0.003856225,"France",2018,"Contemp","","C"
"61","Paris_11_6",-0.016101174,-0.000883185,"France",2018,"Contemp","","C"
"62","Paris_11_7",-0.013705014,-0.001365435,"France",2018,"Contemp","","C"
"63","Paris_11_8",-0.002871279,0.007357535,"France",2018,"Contemp","","C"
"64","Paris_11_9",-0.000760941,-0.007544681,"France",2018,"Contemp","","C"
"65","Paris_13_13",-0.008174093,0.006521475,"France",2018,"Contemp","","C"
"66","Paris_15_11",-0.013913274,0.01052053,"France",2018,"Contemp","","C"
"67","Paris_15_12",-0.01358569,0.010500502,"France",2018,"Contemp","","C"
"68","Paris_15_13",-0.017564532,0.00551908,"France",2018,"Contemp","","C"
"69","Paris_15_3",-0.001712043,0.004838473,"France",2018,"Contemp","","C"
"70","Paris_15_5",-0.012281519,0.007606595,"France",2018,"Contemp","","C"
"71","Paris_15_8",-0.002192232,0.004822772,"France",2018,"Contemp","","C"
"72","Paris_15_9",-0.009945024,0.002635582,"France",2018,"Contemp","","C"
"73","Paris_2_2",-0.013417147,-0.001728563,"France",2018,"Contemp","","C"
"74","Paris_23_19",-0.011031634,-0.001542858,"France",2018,"Contemp","","C"
"75","Paris_25_13",-0.013251761,-0.004755126,"France",2018,"Contemp","","C"
"76","Paris_25_2",0.005937446,0.00195001,"France",2018,"Contemp","","C"
"77","Paris_2_9",-0.018887904,-0.002699799,"France",2018,"Contemp","","C"
"78","Paris_3_3",-0.008897523,-0.00923167,"France",2018,"Contemp","","C"
"79","Paris_39_15",-0.000942626,-0.002271261,"France",2018,"Contemp","","C"
"80","Paris_39_19",-0.008511343,0.001678342,"France",2018,"Contemp","","C"
"81","Paris_39_1",-0.009349439,0.008782397,"France",2018,"Contemp","","C"
"82","Paris_39_2",-0.007967121,0.002117496,"France",2018,"Contemp","","C"
"83","Paris_39_5",-0.002403336,-0.000955774,"France",2018,"Contemp","","C"
"84","Paris_6_1",-0.013892777,0.001656238,"France",2018,"Contemp","","C"
"85","Paris_6_4",-0.013646069,-0.001556219,"France",2018,"Contemp","","C"
"86","Paris_8_10",-0.007997759,0.004014027,"France",2018,"Contemp","","C"
"87","Paris_8_8",-0.009827153,0.00617346,"France",2018,"Contemp","","C"
"88","Landshut_1_11",-0.03520363,0.002829736,"Germany",2018,"Contemp","","C"
"89","Landshut_1_14",-0.037159646,0.015906062,"Germany",2018,"Contemp","","C"
"90","Landshut_1_15",-0.04395603,-0.003598276,"Germany",2018,"Contemp","","C"
"91","Landshut_1_18",-0.038824371,-0.002898053,"Germany",2018,"Contemp","","C"
"92","Landshut_1_1",-0.036634267,0.004152734,"Germany",2018,"Contemp","","C"
"93","Landshut_1_4",-0.039447253,0.000110206,"Germany",2018,"Contemp","","C"
"94","Landshut_1_5",-0.023207259,0.018752685,"Germany",2018,"Contemp","","C"
"95","Landshut_1_7",-0.045863146,0.003411399,"Germany",2018,"Contemp","","C"
"96","Landshut_1_8",-0.033461018,-0.00066331,"Germany",2018,"Contemp","","C"
"97","Landshut_1_9",-0.04289321,0.002009334,"Germany",2018,"Contemp","","C"
"98","Landshut_2_12",-0.050651318,0.001991029,"Germany",2018,"Contemp","","C"
"99","Landshut_2_17",-0.051854543,0.000335035,"Germany",2018,"Contemp","","C"
"100","Landshut_2_19",-0.039966454,0.000683278,"Germany",2018,"Contemp","","C"
"101","Landshut_2_20",-0.040253949,-9.85e-05,"Germany",2018,"Contemp","","C"
"102","Landshut_2_2",-0.055166942,-0.005855909,"Germany",2018,"Contemp","","C"
"103","Landshut_2_6",-0.051777948,-0.012306168,"Germany",2018,"Contemp","","C"
"104","Landshut_2_7",-0.048742044,0.00038337,"Germany",2018,"Contemp","","C"
"105","Landshut_2_8",-0.045788364,-0.003150837,"Germany",2018,"Contemp","","C"
"106","Landshut_3_11",-0.036961736,0.000575195,"Germany",2018,"Contemp","","C"
"107","Landshut_3_16",-0.011398063,-0.005965249,"Germany",2018,"Contemp","","C"
"108","Landshut_3_18",-0.025100809,-0.002852047,"Germany",2018,"Contemp","","C"
"109","Landshut_3_20",-0.014431427,-0.003628557,"Germany",2018,"Contemp","","C"
"110","Landshut_3_2",-0.033848698,1.45e-05,"Germany",2018,"Contemp","","C"
"111","Landshut_3_3",-0.047442416,0.002813353,"Germany",2018,"Contemp","","C"
"112","Landshut_3_5",-0.024784649,-0.002957474,"Germany",2018,"Contemp","","C"
"113","Landshut_3_8",-0.05042045,-0.005411222,"Germany",2018,"Contemp","","C"
"114","Landshut_4_10",-0.031389345,0.010380641,"Germany",2018,"Contemp","","C"
"115","Landshut_4_11",-0.051243813,-0.00316946,"Germany",2018,"Contemp","","C"
"116","Landshut_4_12",-0.030311931,0.009744327,"Germany",2018,"Contemp","","C"
"117","Landshut_4_13",-0.056592291,0.001688422,"Germany",2018,"Contemp","","C"
"118","Landshut_4_4",-0.046587193,-0.00153253,"Germany",2018,"Contemp","","C"
"119","Landshut_4_5",-0.044730614,-0.003009007,"Germany",2018,"Contemp","","C"
"120","Landshut_4_6",-0.047496599,0.00342103,"Germany",2018,"Contemp","","C"
"121","Landshut_47_10",-0.016059324,0.016839522,"Germany",2018,"Contemp","","C"
"122","Landshut_47_14",-0.028312707,0.005810754,"Germany",2018,"Contemp","","C"
"123","Landshut_47_17",-0.026982094,-0.002610937,"Germany",2018,"Contemp","","C"
"124","Landshut_47_19",-0.027872138,-0.004985451,"Germany",2018,"Contemp","","C"
"125","Landshut_47_1",-0.027042534,0.006020646,"Germany",2018,"Contemp","","C"
"126","Landshut_47_20",-0.040748395,3.7e-05,"Germany",2018,"Contemp","","C"
"127","Landshut_47_2",-0.02900701,0.018079485,"Germany",2018,"Contemp","","C"
"128","Landshut_47_7",-0.019175486,0.015069849,"Germany",2018,"Contemp","","C"
"129","Landshut_4_7",-0.038631442,0.006553309,"Germany",2018,"Contemp","","C"
"130","Landshut_48_3",-0.054741135,-0.006254951,"Germany",2018,"Contemp","","C"
"131","Landshut_48_4",-0.044530105,-0.002450627,"Germany",2018,"Contemp","","C"
"132","Landshut_48_6",-0.030965039,-0.007194247,"Germany",2018,"Contemp","","C"
"133","Landshut_48_8",-0.047028995,-0.009459748,"Germany",2018,"Contemp","","C"
"134","Landshut_48_9",-0.050248625,-0.000676328,"Germany",2018,"Contemp","","C"
"135","Landshut_49_11",-0.049555054,-0.00598436,"Germany",2018,"Contemp","","C"
"136","Landshut_49_15",-0.043850151,-0.002209331,"Germany",2018,"Contemp","","C"
"137","Landshut_49_19",-0.046421924,0.002046986,"Germany",2018,"Contemp","","C"
"138","Landshut_49_2",-0.049653693,-0.002097389,"Germany",2018,"Contemp","","C"
"139","Landshut_49_8",-0.049827775,-0.003760733,"Germany",2018,"Contemp","","C"
"140","Landshut_4_9",-0.034757524,0.01065654,"Germany",2018,"Contemp","","C"
"141","Landshut_50_13",-0.027151316,0.025988037,"Germany",2018,"Contemp","","C"
"142","Landshut_50_14",-0.025025779,0.00574418,"Germany",2018,"Contemp","","C"
"143","Landshut_50_16",-0.052989555,-0.008004173,"Germany",2018,"Contemp","","C"
"144","Landshut_50_20",-0.044013913,-0.000825567,"Germany",2018,"Contemp","","C"
"145","Landshut_50_2",-0.043540165,-0.002060039,"Germany",2018,"Contemp","","C"
"146","Landshut_50_5",-0.046052889,0.001889366,"Germany",2018,"Contemp","","C"
"147","Landshut_50_6",-0.038723219,0.011138179,"Germany",2018,"Contemp","","C"
"148","Landshut_50_8",-0.03442632,0.011804684,"Germany",2018,"Contemp","","C"
"149","Landshut_50_9",-0.029008491,0.029398239,"Germany",2018,"Contemp","","C"
"150","Landshut_51_10",-0.036837219,0.011422096,"Germany",2018,"Contemp","","C"
"151","Landshut_51_13",-0.03974142,0.012909139,"Germany",2018,"Contemp","","C"
"152","Landshut_51_14",-0.022601669,0.020820588,"Germany",2018,"Contemp","","C"
"153","Landshut_51_15",-0.037849347,0.006882913,"Germany",2018,"Contemp","","C"
"154","Landshut_51_16",-0.043330025,0.005963779,"Germany",2018,"Contemp","","C"
"155","Landshut_5_11",-0.051960637,0.00670573,"Germany",2018,"Contemp","","C"
"156","Landshut_5_12",-0.049946496,-0.005438634,"Germany",2018,"Contemp","","C"
"157","Landshut_51_2",-0.029839501,0.017159252,"Germany",2018,"Contemp","","C"
"158","Landshut_5_13",-0.048104018,-0.000336015,"Germany",2018,"Contemp","","C"
"159","Landshut_51_4",-0.033198073,0.019115196,"Germany",2018,"Contemp","","C"
"160","Landshut_5_14",-0.058648965,-0.010200404,"Germany",2018,"Contemp","","C"
"161","Landshut_5_15",-0.044192333,-0.000676149,"Germany",2018,"Contemp","","C"
"162","Landshut_51_6",-0.031189872,0.013876877,"Germany",2018,"Contemp","","C"
"163","Landshut_51_7",-0.030440033,0.013758994,"Germany",2018,"Contemp","","C"
"164","Landshut_51_8",-0.033982314,0.010598363,"Germany",2018,"Contemp","","C"
"165","Landshut_5_19",-0.059117764,-0.008334661,"Germany",2018,"Contemp","","C"
"166","Landshut_5_1",-0.056706671,0.003562331,"Germany",2018,"Contemp","","C"
"167","Landshut_5_20",-0.046558879,0.000857722,"Germany",2018,"Contemp","","C"
"168","Landshut_5_6",-0.056561163,-0.010522503,"Germany",2018,"Contemp","","C"
"169","Landshut_5_8",-0.060635608,-0.008681174,"Germany",2018,"Contemp","","C"
"170","Munich_1_11",-0.043425394,-0.006258993,"Germany",2018,"Contemp","","C"
"171","Munich_1_13",-0.051857301,-0.000509052,"Germany",2018,"Contemp","","C"
"172","Munich_1_18",-0.043836298,0.000995078,"Germany",2018,"Contemp","","C"
"173","Munich_1_20",-0.044170666,-0.00672208,"Germany",2018,"Contemp","","C"
"174","Munich_1_2",-0.050873119,-0.002289137,"Germany",2018,"Contemp","","C"
"175","Munich_1_3",-0.04296452,0.001712304,"Germany",2018,"Contemp","","C"
"176","Munich_1_4",-0.052249509,-0.00859645,"Germany",2018,"Contemp","","C"
"177","Munich_1_5",-0.041319458,-0.008426457,"Germany",2018,"Contemp","","C"
"178","Munich_1_6",-0.053615266,0.000910516,"Germany",2018,"Contemp","","C"
"179","Munich_2_10",-0.040421189,0.0064804,"Germany",2018,"Contemp","","C"
"180","Munich_2_11",-0.044470834,0.004096116,"Germany",2018,"Contemp","","C"
"181","Munich_2_13",-0.045216009,0.004531412,"Germany",2018,"Contemp","","C"
"182","Munich_2_15",-0.047831411,0.005453392,"Germany",2018,"Contemp","","C"
"183","Munich_2_1",-0.038575404,0.019050254,"Germany",2018,"Contemp","","C"
"184","Munich_2_5",-0.038082306,-0.007960157,"Germany",2018,"Contemp","","C"
"185","Munich_2_6",-0.040879016,0.003496379,"Germany",2018,"Contemp","","C"
"186","Munich_2_7",-0.043552488,0.00575191,"Germany",2018,"Contemp","","C"
"187","Munich_2_8",-0.048383901,0.003934411,"Germany",2018,"Contemp","","C"
"188","Munich_2_9",-0.042893771,-0.005630761,"Germany",2018,"Contemp","","C"
"189","Munich_3_14",-0.037383619,-0.00348574,"Germany",2018,"Contemp","","C"
"190","Munich_3_16",-0.030551446,0.006737554,"Germany",2018,"Contemp","","C"
"191","Munich_3_17",-0.021826029,0.01754625,"Germany",2018,"Contemp","","C"
"192","Munich_3_19",-0.025519234,0.009536816,"Germany",2018,"Contemp","","C"
"193","Munich_3_4",-0.017094159,0.011621932,"Germany",2018,"Contemp","","C"
"194","Munich_3_6",-0.039919203,-0.001755496,"Germany",2018,"Contemp","","C"
"195","Munich_3_7",-0.0293894,0.011542495,"Germany",2018,"Contemp","","C"
"196","Munich_3_9",-0.025075155,0.006419386,"Germany",2018,"Contemp","","C"
"197","Munich_4_13",-0.035610929,0.004639935,"Germany",2018,"Contemp","","C"
"198","Munich_4_15",-0.037761546,0.002212394,"Germany",2018,"Contemp","","C"
"199","Munich_4_18",-0.035858323,-0.007336432,"Germany",2018,"Contemp","","C"
"200","Munich_4_20",-0.046706817,-0.002291384,"Germany",2018,"Contemp","","C"
"201","Munich_4_2",-0.041373372,0.006659372,"Germany",2018,"Contemp","","C"
"202","Munich_4_6",-0.008909328,0.009787107,"Germany",2018,"Contemp","","C"
"203","Munich_47_11",-0.00887598,0.021264581,"Germany",2018,"Contemp","","C"
"204","Munich_47_15",-0.007408879,0.021312233,"Germany",2018,"Contemp","","C"
"205","Munich_47_16",-0.017830546,0.006908722,"Germany",2018,"Contemp","","C"
"206","Munich_47_17",-0.012446437,0.022753767,"Germany",2018,"Contemp","","C"
"207","Munich_47_18",-0.031684928,-0.003526358,"Germany",2018,"Contemp","","C"
"208","Munich_47_1",-0.021494252,0.001059791,"Germany",2018,"Contemp","","C"
"209","Munich_47_20",-0.022449632,0.002545414,"Germany",2018,"Contemp","","C"
"210","Munich_47_6",-0.018706615,0.024050999,"Germany",2018,"Contemp","","C"
"211","Munich_47_8",-0.00671245,0.021126463,"Germany",2018,"Contemp","","C"
"212","Munich_4_7",-0.037858907,0.00440071,"Germany",2018,"Contemp","","C"
"213","Munich_48_12",-0.037568578,-0.011551824,"Germany",2018,"Contemp","","C"
"214","Munich_48_13",-0.027154705,0.000953604,"Germany",2018,"Contemp","","C"
"215","Munich_48_15",-0.048492489,-0.009518719,"Germany",2018,"Contemp","","C"
"216","Munich_48_18",-0.04224203,-0.009397139,"Germany",2018,"Contemp","","C"
"217","Munich_48_19",-0.023344856,0.007528167,"Germany",2018,"Contemp","","C"
"218","Munich_48_4",-0.041593404,0.00306932,"Germany",2018,"Contemp","","C"
"219","Munich_48_7",-0.009646288,-0.017300285,"Germany",2018,"Contemp","","C"
"220","Munich_48_8",-0.012246632,0.001626856,"Germany",2018,"Contemp","","C"
"221","Munich_49_10",-0.031083896,-0.013364244,"Germany",2018,"Contemp","","C"
"222","Munich_49_12",-0.043697981,-0.003456039,"Germany",2018,"Contemp","","C"
"223","Munich_49_17",-0.047424709,-0.003256632,"Germany",2018,"Contemp","","C"
"224","Munich_49_19",-0.047097954,-0.008318268,"Germany",2018,"Contemp","","C"
"225","Munich_49_1",-0.054596329,-0.004251846,"Germany",2018,"Contemp","","C"
"226","Munich_49_20",-0.036809534,-0.007729136,"Germany",2018,"Contemp","","C"
"227","Munich_49_4",-0.050994667,-0.009326533,"Germany",2018,"Contemp","","C"
"228","Munich_49_8",-0.03732411,-0.006676021,"Germany",2018,"Contemp","","C"
"229","Munich_50_13",-0.032947093,0.00207015,"Germany",2018,"Contemp","","C"
"230","Munich_50_14",-0.037745853,-0.007770412,"Germany",2018,"Contemp","","C"
"231","Munich_50_15",-0.051602052,-0.016847355,"Germany",2018,"Contemp","","C"
"232","Munich_50_16",-0.027002707,0.014915974,"Germany",2018,"Contemp","","C"
"233","Munich_50_17",-0.036075685,0.00093726,"Germany",2018,"Contemp","","C"
"234","Munich_50_1",-0.039856236,-0.00013741,"Germany",2018,"Contemp","","C"
"235","Munich_50_3",-0.051612502,-0.00363815,"Germany",2018,"Contemp","","C"
"236","Munich_50_4",-0.028646707,0.004495661,"Germany",2018,"Contemp","","C"
"237","Munich_50_7",-0.028529344,0.005459743,"Germany",2018,"Contemp","","C"
"238","Munich_5_10",0.002641174,0.040963457,"Germany",2018,"Contemp","","C"
"239","Munich_51_10",-0.038058519,-0.010211368,"Germany",2018,"Contemp","","C"
"240","Munich_51_13",-0.035538299,-0.011176435,"Germany",2018,"Contemp","","C"
"241","Munich_51_15",-0.046601852,0.000364118,"Germany",2018,"Contemp","","C"
"242","Munich_51_16",-0.042407768,-0.009372384,"Germany",2018,"Contemp","","C"
"243","Munich_5_11",-0.01807296,-0.003032779,"Germany",2018,"Contemp","","C"
"244","Munich_5_12",-0.005240043,0.044866818,"Germany",2018,"Contemp","","C"
"245","Munich_5_13",-0.010536731,0.038422514,"Germany",2018,"Contemp","","C"
"246","Munich_5_16",-0.011864276,0.039438851,"Germany",2018,"Contemp","","C"
"247","Munich_51_6",-0.044408819,-0.009381633,"Germany",2018,"Contemp","","C"
"248","Munich_51_8",-0.032742219,-0.001486332,"Germany",2018,"Contemp","","C"
"249","Munich_5_18",-0.012382978,0.047600683,"Germany",2018,"Contemp","","C"
"250","Munich_51_9",-0.04422356,-0.005694376,"Germany",2018,"Contemp","","C"
"251","Munich_5_1",0.003218055,0.039853623,"Germany",2018,"Contemp","","C"
"252","Munster_1_7",-0.020090077,-0.025055518,"Germany",2018,"Contemp","","C"
"253","Munster_2_2",-0.033589848,-0.02556577,"Germany",2018,"Contemp","","C"
"254","Munster_3_6",-0.025025808,-0.023513643,"Germany",2018,"Contemp","","C"
"255","Munster_37_10",-0.033284771,-0.024479886,"Germany",2018,"Contemp","","C"
"256","Munster_39_5",-0.026634156,-0.010154038,"Germany",2018,"Contemp","","C"
"257","Munster_40_6",-0.035167361,-0.020795962,"Germany",2018,"Contemp","","C"
"258","Thessa_1_10",-0.039597552,0.021283326,"Greece",2018,"Contemp","","C"
"259","Thessa_1_11",-0.037222713,0.017660335,"Greece",2018,"Contemp","","C"
"260","Thessa_1_14",-0.037088132,0.014320697,"Greece",2018,"Contemp","","C"
"261","Thessa_1_15",-0.033396703,0.014107999,"Greece",2018,"Contemp","","C"
"262","Thessa_1_16",-0.037782913,0.017159774,"Greece",2018,"Contemp","","C"
"263","Thessa_1_17",-0.039907464,0.013819749,"Greece",2018,"Contemp","","C"
"264","Thessa_1_1",-0.037129755,0.018148027,"Greece",2018,"Contemp","","C"
"265","Thessa_1_2",-0.039807411,0.022526361,"Greece",2018,"Contemp","","C"
"266","Thessa_1_3",-0.038326417,0.01893683,"Greece",2018,"Contemp","","C"
"267","Thessa_1_6",-0.034658814,0.012487743,"Greece",2018,"Contemp","","C"
"268","Thessa_2_14",-0.034144258,0.029789733,"Greece",2018,"Contemp","","C"
"269","Thessa_2_16",-0.028822603,0.03035347,"Greece",2018,"Contemp","","C"
"270","Thessa_2_17",-0.035846803,0.028123351,"Greece",2018,"Contemp","","C"
"271","Thessa_2_19",-0.032193165,0.027497912,"Greece",2018,"Contemp","","C"
"272","Thessa_2_1",-0.03626065,0.029141294,"Greece",2018,"Contemp","","C"
"273","Thessa_2_4",-0.035303881,0.03022631,"Greece",2018,"Contemp","","C"
"274","Thessa_2_6",-0.039052027,0.028755377,"Greece",2018,"Contemp","","C"
"275","Thessa_2_7",-0.038917197,0.026675589,"Greece",2018,"Contemp","","C"
"276","Thessa_2_9",-0.04102945,0.02863751,"Greece",2018,"Contemp","","C"
"277","Thessa_3_12",-0.033817401,0.022282197,"Greece",2018,"Contemp","","C"
"278","Thessa_3_13",-0.032862914,0.017077654,"Greece",2018,"Contemp","","C"
"279","Thessa_3_18",-0.020998644,0.018072071,"Greece",2018,"Contemp","","C"
"280","Thessa_3_19",-0.027600188,0.019634579,"Greece",2018,"Contemp","","C"
"281","Thessa_3_3",-0.028189681,0.017140054,"Greece",2018,"Contemp","","C"
"282","Thessa_3_8",-0.026083244,0.013276121,"Greece",2018,"Contemp","","C"
"283","Thessa_3_9",-0.035796617,0.01649547,"Greece",2018,"Contemp","","C"
"284","Thessa_4_13",-0.038366388,0.021609459,"Greece",2018,"Contemp","","C"
"285","Thessa_4_15",-0.038987524,0.020371881,"Greece",2018,"Contemp","","C"
"286","Thessa_4_17",-0.039546233,0.024203376,"Greece",2018,"Contemp","","C"
"287","Thessa_4_18",-0.046902569,0.018840691,"Greece",2018,"Contemp","","C"
"288","Thessa_4_19",-0.041953008,0.021286502,"Greece",2018,"Contemp","","C"
"289","Thessa_42_10",-0.03845275,0.030715454,"Greece",2018,"Contemp","","C"
"290","Thessa_42_13",-0.036905409,0.033167295,"Greece",2018,"Contemp","","C"
"291","Thessa_42_16",-0.041308665,0.028421131,"Greece",2018,"Contemp","","C"
"292","Thessa_42_17",-0.04616366,0.027774986,"Greece",2018,"Contemp","","C"
"293","Thessa_42_18",-0.039810055,0.026905847,"Greece",2018,"Contemp","","C"
"294","Thessa_42_19",-0.033172704,0.026351499,"Greece",2018,"Contemp","","C"
"295","Thessa_42_20",-0.042245062,0.027013066,"Greece",2018,"Contemp","","C"
"296","Thessa_42_2",-0.040220981,0.030246225,"Greece",2018,"Contemp","","C"
"297","Thessa_42_4",-0.037901925,0.029211095,"Greece",2018,"Contemp","","C"
"298","Thessa_42_8",-0.03774049,0.0304162,"Greece",2018,"Contemp","","C"
"299","Thessa_4_2",-0.039912816,0.020455889,"Greece",2018,"Contemp","","C"
"300","Thessa_43_10",-0.033836699,0.01965877,"Greece",2018,"Contemp","","C"
"301","Thessa_43_13",-0.039063388,0.033273694,"Greece",2018,"Contemp","","C"
"302","Thessa_43_15",-0.035403194,0.037558593,"Greece",2018,"Contemp","","C"
"303","Thessa_43_3",-0.042164789,0.006050388,"Greece",2018,"Contemp","","C"
"304","Thessa_43_4",-0.032400285,0.020327026,"Greece",2018,"Contemp","","C"
"305","Thessa_43_5",-0.043511153,0.027617149,"Greece",2018,"Contemp","","C"
"306","Thessa_43_6",-0.034419382,0.039938596,"Greece",2018,"Contemp","","C"
"307","Thessa_43_8",-0.044678095,0.030817322,"Greece",2018,"Contemp","","C"
"308","Thessa_44_10",-0.039565613,0.026397488,"Greece",2018,"Contemp","","C"
"309","Thessa_44_13",-0.051066842,0.018414862,"Greece",2018,"Contemp","","C"
"310","Thessa_44_14",-0.049488724,0.021912746,"Greece",2018,"Contemp","","C"
"311","Thessa_44_17",-0.0494629,0.020410943,"Greece",2018,"Contemp","","C"
"312","Thessa_44_19",-0.050959568,0.022768047,"Greece",2018,"Contemp","","C"
"313","Thessa_44_1",-0.052186809,0.021637896,"Greece",2018,"Contemp","","C"
"314","Thessa_44_2",-0.054699356,0.020078373,"Greece",2018,"Contemp","","C"
"315","Thessa_44_5",-0.049872826,0.022059202,"Greece",2018,"Contemp","","C"
"316","Thessa_44_7",-0.041441112,0.020130946,"Greece",2018,"Contemp","","C"
"317","Thessa_4_4",-0.037374823,0.025155438,"Greece",2018,"Contemp","","C"
"318","Thessa_45_10",-0.03547485,0.027977349,"Greece",2018,"Contemp","","C"
"319","Thessa_45_13",-0.037181112,0.023383698,"Greece",2018,"Contemp","","C"
"320","Thessa_45_15",-0.034638292,0.026536224,"Greece",2018,"Contemp","","C"
"321","Thessa_45_17",-0.03533951,0.025975998,"Greece",2018,"Contemp","","C"
"322","Thessa_45_18",-0.026126525,0.021079751,"Greece",2018,"Contemp","","C"
"323","Thessa_45_2",-0.029641728,0.030116656,"Greece",2018,"Contemp","","C"
"324","Thessa_45_3",-0.02470161,0.031347697,"Greece",2018,"Contemp","","C"
"325","Thessa_45_5",-0.038859093,0.036199056,"Greece",2018,"Contemp","","C"
"326","Thessa_45_7",-0.029879554,0.028345025,"Greece",2018,"Contemp","","C"
"327","Thessa_46_10",-0.026764989,0.041663098,"Greece",2018,"Contemp","","C"
"328","Thessa_46_12",-0.030174578,0.035699367,"Greece",2018,"Contemp","","C"
"329","Thessa_46_13",-0.018929831,0.053512755,"Greece",2018,"Contemp","","C"
"330","Thessa_46_15",-0.018144085,0.050641296,"Greece",2018,"Contemp","","C"
"331","Thessa_46_17",-0.018502026,0.047597233,"Greece",2018,"Contemp","","C"
"332","Thessa_46_18",-0.028363226,0.039174789,"Greece",2018,"Contemp","","C"
"333","Thessa_46_20",-0.030622941,0.038860323,"Greece",2018,"Contemp","","C"
"334","Thessa_46_2",-0.041652826,0.022753074,"Greece",2018,"Contemp","","C"
"335","Thessa_46_4",-0.006556231,0.062945804,"Greece",2018,"Contemp","","C"
"336","Thessa_46_5",-0.009318056,0.062438834,"Greece",2018,"Contemp","","C"
"337","Thessa_4_6",-0.043431111,0.021035757,"Greece",2018,"Contemp","","C"
"338","Thessa_4_8",-0.038470398,0.018343179,"Greece",2018,"Contemp","","C"
"339","Thessa_4_9",-0.042582123,0.01916701,"Greece",2018,"Contemp","","C"
"340","Thessa_5_12",-0.042331596,0.022202596,"Greece",2018,"Contemp","","C"
"341","Thessa_5_13",-0.046351473,0.021599722,"Greece",2018,"Contemp","","C"
"342","Thessa_5_14",-0.046626257,0.017790698,"Greece",2018,"Contemp","","C"
"343","Thessa_5_15",-0.04396311,0.020111331,"Greece",2018,"Contemp","","C"
"344","Thessa_5_2",-0.039950665,0.021293224,"Greece",2018,"Contemp","","C"
"345","Thessa_5_5",-0.044551032,0.023278901,"Greece",2018,"Contemp","","C"
"346","Thessa_5_6",-0.045388232,0.021918979,"Greece",2018,"Contemp","","C"
"347","Thessa_5_7",-0.044936929,0.02045442,"Greece",2018,"Contemp","","C"
"348","Warsaw_1_12",-0.038142326,-0.01912709,"Poland",2018,"Contemp","","C"
"349","Warsaw_1_15",-0.031562072,-0.023027496,"Poland",2018,"Contemp","","C"
"350","Warsaw_1_1",-0.044641106,-0.017602072,"Poland",2018,"Contemp","","C"
"351","Warsaw_1_2",-0.037176738,-0.020401215,"Poland",2018,"Contemp","","C"
"352","Warsaw_1_7",-0.049636423,-0.011928878,"Poland",2018,"Contemp","","C"
"353","Warsaw_1_9",-0.047870084,-0.011289484,"Poland",2018,"Contemp","","C"
"354","Warsaw_2_12",-0.048921963,-0.013688859,"Poland",2018,"Contemp","","C"
"355","Warsaw_2_14",-0.049862734,-0.014367867,"Poland",2018,"Contemp","","C"
"356","Warsaw_2_1",-0.036404164,-0.004128253,"Poland",2018,"Contemp","","C"
"357","Warsaw_2_2",-0.048088503,-0.016043462,"Poland",2018,"Contemp","","C"
"358","Warsaw_2_5",-0.030167913,0.017295016,"Poland",2018,"Contemp","","C"
"359","Warsaw_2_7",-0.049336683,-0.016598529,"Poland",2018,"Contemp","","C"
"360","Warsaw_2_8",-0.044660767,-0.013115501,"Poland",2018,"Contemp","","C"
"361","Warsaw_3_12",-0.04979754,-0.014217102,"Poland",2018,"Contemp","","C"
"362","Warsaw_3_14",-0.045398913,-0.018621789,"Poland",2018,"Contemp","","C"
"363","Warsaw_3_15",-0.04876869,-0.015077877,"Poland",2018,"Contemp","","C"
"364","Warsaw_3_5",-0.046184205,-0.019308732,"Poland",2018,"Contemp","","C"
"365","Warsaw_4_10",-0.057109623,-0.009501278,"Poland",2018,"Contemp","","C"
"366","Warsaw_4_11",-0.036850685,-0.009759015,"Poland",2018,"Contemp","","C"
"367","Warsaw_4_12",-0.053398151,-0.014037641,"Poland",2018,"Contemp","","C"
"368","Warsaw_4_14",-0.056695627,-0.013977316,"Poland",2018,"Contemp","","C"
"369","Warsaw_4_15",-0.036506223,-0.008783103,"Poland",2018,"Contemp","","C"
"370","Warsaw_4_1",-0.04664635,-0.010350382,"Poland",2018,"Contemp","","C"
"371","Warsaw_4_3",-0.037355399,-0.013771126,"Poland",2018,"Contemp","","C"
"372","Warsaw_4_4",-0.053356968,-0.012965284,"Poland",2018,"Contemp","","C"
"373","Warsaw_46_10",-0.051294043,-0.008265095,"Poland",2018,"Contemp","","C"
"374","Warsaw_46_12",-0.052641417,-0.007198807,"Poland",2018,"Contemp","","C"
"375","Warsaw_46_13",-0.043829615,-0.019807849,"Poland",2018,"Contemp","","C"
"376","Warsaw_46_1",-0.053555399,-0.012812695,"Poland",2018,"Contemp","","C"
"377","Warsaw_46_2",-0.046836045,-0.010689397,"Poland",2018,"Contemp","","C"
"378","Warsaw_46_5",-0.052953876,-0.010707677,"Poland",2018,"Contemp","","C"
"379","Warsaw_46_6",-0.040026875,-0.002591155,"Poland",2018,"Contemp","","C"
"380","Warsaw_46_7",-0.047418837,-0.004345206,"Poland",2018,"Contemp","","C"
"381","Warsaw_46_8",-0.056232851,-0.004668554,"Poland",2018,"Contemp","","C"
"382","Warsaw_47_12",-0.051386907,0.001230423,"Poland",2018,"Contemp","","C"
"383","Warsaw_47_14",-0.042753644,-0.005057258,"Poland",2018,"Contemp","","C"
"384","Warsaw_47_2",-0.050156627,-0.003346214,"Poland",2018,"Contemp","","C"
"385","Warsaw_47_6",-0.053832216,-0.008707873,"Poland",2018,"Contemp","","C"
"386","Warsaw_47_8",-0.049946986,-0.004989482,"Poland",2018,"Contemp","","C"
"387","Warsaw_4_7",-0.050182906,-0.012835464,"Poland",2018,"Contemp","","C"
"388","Warsaw_48_2",-0.051342967,-0.008889609,"Poland",2018,"Contemp","","C"
"389","Warsaw_48_3",-0.053558157,-0.007144192,"Poland",2018,"Contemp","","C"
"390","Warsaw_48_4",-0.051532256,-0.011267708,"Poland",2018,"Contemp","","C"
"391","Warsaw_48_5",-0.044066343,-0.000627583,"Poland",2018,"Contemp","","C"
"392","Warsaw_4_8",-0.043854569,-0.009641561,"Poland",2018,"Contemp","","C"
"393","Warsaw_49_2",-0.050613892,-0.007205584,"Poland",2018,"Contemp","","C"
"394","Warsaw_49_5",-0.050335327,-0.011266627,"Poland",2018,"Contemp","","C"
"395","Warsaw_49_6",-0.04989479,-0.013963269,"Poland",2018,"Contemp","","C"
"396","Warsaw_49_9",-0.051208399,-0.004327306,"Poland",2018,"Contemp","","C"
"397","Warsaw_50_10",-0.049644261,0.007024653,"Poland",2018,"Contemp","","C"
"398","Warsaw_50_2",-0.045374445,-0.004752319,"Poland",2018,"Contemp","","C"
"399","Warsaw_50_4",-0.037891922,-0.005079207,"Poland",2018,"Contemp","","C"
"400","Warsaw_50_6",-0.043517632,-0.018068751,"Poland",2018,"Contemp","","C"
"401","Warsaw_50_7",-0.045665339,-0.008080727,"Poland",2018,"Contemp","","C"
"402","Warsaw_50_8",-0.042264756,-0.00107368,"Poland",2018,"Contemp","","C"
"403","Warsaw_5_10",-0.040026455,-0.01193306,"Poland",2018,"Contemp","","C"
"404","Warsaw_5_12",-0.031130842,0.008875361,"Poland",2018,"Contemp","","C"
"405","Warsaw_5_5",-0.057834822,-0.011399934,"Poland",2018,"Contemp","","C"
"406","Warsaw_5_6",-0.053092223,-0.006824475,"Poland",2018,"Contemp","","C"
"407","Warsaw_5_7",-0.052198293,-0.011821257,"Poland",2018,"Contemp","","C"
"408","cg_178",0.000204693,0.024756181,"Spain",2018,"Contemp","","C"
"409","cg_286",-0.007519186,0.061436032,"Spain",2018,"Contemp","","C"
"410","cg_301",-0.014125331,0.031322327,"Spain",2018,"Contemp","","C"
"411","cg_453",-0.010654487,0.060621573,"Spain",2018,"Contemp","","C"
"412","TRTGTO_56_3",-0.02399761,0.017318053,"Spain",2018,"Contemp","","C"
"413","TRTGTO_56_4",-0.004940925,0.063236724,"Spain",2018,"Contemp","","C"
"414","TRTGTO_56_5",-0.011238344,0.06354223,"Spain",2018,"Contemp","","C"
"415","TRTGTO_57_2",-0.015601294,0.038863036,"Spain",2018,"Contemp","","C"
"416","TRTGTO_57_3",-0.010219928,0.035756958,"Spain",2018,"Contemp","","C"
"417","TRTGTO_57_4",-0.01930402,0.032273926,"Spain",2018,"Contemp","","C"
"418","TRTGTO_57_5",-0.018990758,0.036937566,"Spain",2018,"Contemp","","C"
"419","TRTGTO_58_2",-0.012066386,0.047673742,"Spain",2018,"Contemp","","C"
"420","TRTGTO_58_5",-0.008861793,0.056468894,"Spain",2018,"Contemp","","C"
"421","TRTGTO_59_1",-0.016139075,0.031251075,"Spain",2018,"Contemp","","C"
"422","TRTGTO_59_2",-0.021189027,0.024429451,"Spain",2018,"Contemp","","C"
"423","TRTGTO_59_3",-0.018569856,0.041043833,"Spain",2018,"Contemp","","C"
"424","TRTGTO_59_5",-0.01324939,0.038480817,"Spain",2018,"Contemp","","C"
"425","TRTGTO_61_1",-0.00772895,0.027361197,"Spain",2018,"Contemp","","C"
"426","TRTGTO_61_4",-0.010322968,0.023277324,"Spain",2018,"Contemp","","C"
"427","TRTGTO_62_1",-0.006235245,0.030044627,"Spain",2018,"Contemp","","C"
"428","TRTGTO_62_3",-0.002268088,0.029240972,"Spain",2018,"Contemp","","C"
"429","TRTGTO_62_4",-0.000162598,0.033312722,"Spain",2018,"Contemp","","C"
"430","TRTGTO_62_5",-0.005133517,0.035980107,"Spain",2018,"Contemp","","C"
"431","Linkoping_13_3",-0.030594211,-0.02513153,"Sweden",2018,"Contemp","","C"
"432","Linkoping_13_8",-0.033953191,-0.022577768,"Sweden",2018,"Contemp","","C"
"433","Linkoping_15_2",-0.045488494,-0.018071939,"Sweden",2018,"Contemp","","C"
"434","Linkoping_15_4",-0.033134119,-0.023667227,"Sweden",2018,"Contemp","","C"
"435","Linkoping_15_8",-0.043753464,-0.022403677,"Sweden",2018,"Contemp","","C"
"436","Linkoping_16_10",-0.039611978,-0.025766571,"Sweden",2018,"Contemp","","C"
"437","Linkoping_16_2",-0.043794613,-0.020807211,"Sweden",2018,"Contemp","","C"
"438","Linkoping_16_4",-0.046840695,-0.02107096,"Sweden",2018,"Contemp","","C"
"439","Linkoping_16_5",-0.044046525,-0.022259572,"Sweden",2018,"Contemp","","C"
"440","Linkoping_16_6",-0.037813493,-0.024903791,"Sweden",2018,"Contemp","","C"
"441","Linkoping_16_7",-0.049828095,-0.020086833,"Sweden",2018,"Contemp","","C"
"442","Linkoping_25_11",-0.044219984,-0.018081019,"Sweden",2018,"Contemp","","C"
"443","Linkoping_25_2",-0.04621398,-0.018605417,"Sweden",2018,"Contemp","","C"
"444","Linkoping_25_5",-0.03532925,-0.013910986,"Sweden",2018,"Contemp","","C"
"445","Linkoping_25_7",-0.023311869,-0.028832658,"Sweden",2018,"Contemp","","C"
"446","Linkoping_27_10",-0.046952982,-0.023258115,"Sweden",2018,"Contemp","","C"
"447","Linkoping_27_2",-0.032491519,-0.026217031,"Sweden",2018,"Contemp","","C"
"448","Linkoping_27_4",-0.039277452,-0.024504702,"Sweden",2018,"Contemp","","C"
"449","Linkoping_27_6",-0.021744914,-0.027848511,"Sweden",2018,"Contemp","","C"
"450","Linkoping_27_7",-0.031129231,-0.016206723,"Sweden",2018,"Contemp","","C"
"451","Linkoping_27_8",-0.015432561,-0.031127041,"Sweden",2018,"Contemp","","C"
"452","Linkoping_37_1",-0.028564046,-0.007943285,"Sweden",2018,"Contemp","","C"
"453","Linkoping_37_2",-0.030085816,0.006381127,"Sweden",2018,"Contemp","","C"
"454","Linkoping_37_3",-0.023504215,0.009789796,"Sweden",2018,"Contemp","","C"
"455","Linkoping_37_8",-0.023625494,0.010112071,"Sweden",2018,"Contemp","","C"
"456","Linkoping_37_9",-0.024227668,0.004986753,"Sweden",2018,"Contemp","","C"
"457","Linkoping_38_10",-0.029664163,-0.020427776,"Sweden",2018,"Contemp","","C"
"458","Linkoping_38_6",-0.028150987,-0.004518175,"Sweden",2018,"Contemp","","C"
"459","Linkoping_38_7",-0.02615556,-0.004979695,"Sweden",2018,"Contemp","","C"
"460","Linkoping_38_9",-0.046751692,-0.02535966,"Sweden",2018,"Contemp","","C"
"461","Linkoping_40_10",-0.04497773,-0.01930061,"Sweden",2018,"Contemp","","C"
"462","Linkoping_40_1",-0.043886362,-0.022898544,"Sweden",2018,"Contemp","","C"
"463","Linkoping_40_3",-0.04979308,-0.022005108,"Sweden",2018,"Contemp","","C"
"464","Linkoping_40_5",-0.043290881,-0.021686203,"Sweden",2018,"Contemp","","C"
"465","Linkoping_40_6",-0.034274887,-0.005247436,"Sweden",2018,"Contemp","","C"
"466","Linkoping_5_2",-0.029867993,-0.022907671,"Sweden",2018,"Contemp","","C"
"467","Linkoping_5_4",-0.032850558,-0.015027242,"Sweden",2018,"Contemp","","C"
"468","Linkoping_5_6",-0.035904368,-0.023947433,"Sweden",2018,"Contemp","","C"
"469","Linkoping_5_9",-0.035089037,-0.025614958,"Sweden",2018,"Contemp","","C"
"470","Linkoping_8_2",-0.046575532,-0.021840946,"Sweden",2018,"Contemp","","C"
"471","Linkoping_8_4",-0.042085247,-0.022481255,"Sweden",2018,"Contemp","","C"
"472","Linkoping_8_5",-0.042142155,-0.022897254,"Sweden",2018,"Contemp","","C"
"473","Linkoping_8_7",-0.042715543,-0.024127477,"Sweden",2018,"Contemp","","C"
"474","Stockholm_1_6",-0.032674605,-0.013097317,"Sweden",2018,"Contemp","","C"
"475","Stockholm_4_18",-0.038950982,-0.020573058,"Sweden",2018,"Contemp","","C"
"476","Stockholm_42_6",-0.047463273,-0.018594236,"Sweden",2018,"Contemp","","C"
"477","Stockholm_43_12",-0.047336605,-0.022739923,"Sweden",2018,"Contemp","","C"
"478","Stockholm_44_17",-0.043582841,-0.024737737,"Sweden",2018,"Contemp","","C"
"479","Stockholm_5_4",-0.043388177,-0.018066853,"Sweden",2018,"Contemp","","C"
"480","Brighton_2_6",0.002151095,-0.021167032,"UK",2018,"Contemp","","C"
"481","Brighton_3_6",0.000756626,-0.033276344,"UK",2018,"Contemp","","C"
"482","Brighton_38_20",-0.004094094,0.015498581,"UK",2018,"Contemp","","C"
"483","Brighton_39_6",-0.000852135,-0.00053966,"UK",2018,"Contemp","","C"
"484","Brighton_40_1",-0.000855086,-0.033199474,"UK",2018,"Contemp","","C"
"485","Brighton_5_1",-0.000149509,-0.024386785,"UK",2018,"Contemp","","C"
"486","BHSC_6830792",-0.001375312,0.015663647,"USA",2011,"1998-Present","North","H"
"487","GA_042908",0.031268496,0.068339982,"USA",2003,"1998-Present","South","H"
"488","GA_042925",0.026621237,0.042128171,"USA",1909,"1878-1917","South","H"
"489","GA_042926",0.025350086,0.064149089,"USA",1954,"1918-1957","South","H"
"490","GA_042931",0.014855096,0.014013189,"USA",1995,"1958-1997","South","H"
"491","GA_042933",0.016660816,0.059541605,"USA",1992,"1958-1997","South","H"
"492","GA_042934",-0.001849254,0.01573197,"USA",1995,"1958-1997","South","H"
"493","GA_042936",0.020107287,0.005805982,"USA",1987,"1958-1997","South","H"
"494","GA_260302",0.002076095,0.027184258,"USA",2016,"1998-Present","South","H"
"495","GA_42909",0.011051189,0.058820188,"USA",2007,"1998-Present","","H"
"496","LA_1",0.042704653,0.041744691,"USA",1972,"1958-1997","South","H"
"497","LA_2",0.024570924,0.070616537,"USA",1989,"1958-1997","South","H"
"498","LA_3",0.030463502,0.051893961,"USA",1983,"1958-1997","South","H"
"499","MO_3179229",0.03042203,-0.01554315,"USA",1956,"1918-1957","Middle","H"
"500","MO_3525612",0.022706577,0.000600012,"USA",1986,"1958-1997","Middle","H"
"501","MO_3896053",0.025320614,-0.040792033,"USA",1989,"1958-1997","Middle","H"
"502","MO_5439107",0.043073148,0.062404114,"USA",1942,"1918-1957","Middle","H"
"503","MO_5439112",0.026829353,-0.005817697,"USA",1982,"1958-1997","Middle","H"
"504","MO_5452217",0.007046727,0.005470879,"USA",2013,"1998-Present","Middle","H"
"505","MO_5457783",0.022518511,-0.014395155,"USA",2001,"1998-Present","Middle","H"
"506","MO_6598648",0.009438378,-0.017903701,"USA",2011,"1998-Present","Middle","H"
"507","MO_6848343",0.014267852,0.001083785,"USA",2013,"1998-Present","Middle","H"
"508","MU_04957659",0.018430346,-0.032969512,"USA",1996,"1958-1997","","H"
"509","MU_1827771",0.032198979,-0.037507586,"USA",1965,"1958-1997","North","H"
"510","MU_1912368",0.015856753,0.03722897,"USA",1964,"1958-1997","Middle","H"
"511","MU_3859086",0.03594669,0.039076489,"USA",1989,"1958-1997","","H"
"512","MU_4232901",0.028272214,-0.0001049,"USA",1992,"1958-1997","","H"
"513","MU_985453",0.028640614,-0.036675999,"USA",1929,"1918-1957","","H"
"514","NLU_6875802",-0.001943251,0.045354396,"USA",2000,"1998-Present","","H"
"515","TRH4_10",0.027610773,-0.041549363,"USA",1971,"1958-1997","North","H"
"516","TRH4_11",0.035705005,-0.039729516,"USA",1886,"1878-1917","North","H"
"517","TRH4_12",0.025326796,-0.040613037,"USA",1875,"1838-1877","North","H"
"518","TRH4_13",0.035663032,-0.039228915,"USA",NA,NA,"North","H"
"519","TRH4_14",0.038498137,-0.034919602,"USA",1869,"1838-1877","Middle","H"
"520","TRH4_15",0.021426085,-0.041751474,"USA",1959,"1958-1997","North","H"
"521","TRH4_16",0.038420505,0.061728267,"USA",1963,"1958-1997","South","H"
"522","TRH4_17",0.032007058,-0.03247839,"USA",1949,"1918-1957","North","H"
"523","TRH4_18",0.029212487,-0.038700078,"USA",1958,"1958-1997","North","H"
"524","TRH4_19",0.029206601,-0.037739345,"USA",1945,"1918-1957","North","H"
"525","TRH4_1",-0.007481642,-0.031274151,"USA",1967,"1958-1997","Middle","H"
"526","TRH4_20",0.033856546,-0.040089317,"USA",1945,"1918-1957","North","H"
"527","TRH4_22",0.032821093,-0.038598903,"USA",1952,"1918-1957","North","H"
"528","TRH4_23",0.028024826,-0.038568287,"USA",1945,"1918-1957","North","H"
"529","TRH4_24",0.039353515,0.065572368,"USA",1908,"1878-1917","South","H"
"530","TRH4_25",0.035150617,-0.034922336,"USA",1961,"1958-1997","North","H"
"531","TRH4_26",0.024970471,-0.003911081,"USA",1959,"1958-1997","North","H"
"532","TRH4_27",0.024183795,-0.035042467,"USA",1939,"1918-1957","North","H"
"533","TRH4_28",0.018366614,-0.033697391,"USA",1951,"1918-1957","North","H"
"534","TRH4_29",0.021255325,-0.039142398,"USA",1946,"1918-1957","Middle","H"
"535","TRH4_30",0.028088107,-0.034840896,"USA",1943,"1918-1957","","H"
"536","TRH4_31",0.030390224,-0.045000783,"USA",1938,"1918-1957","North","H"
"537","TRH4_32",0.013089023,0.03741571,"USA",1987,"1958-1997","South","H"
"538","TRH4_33",0.026618777,-0.035011703,"USA",1982,"1958-1997","North","H"
"539","TRH4_34",0.011935995,-0.024540008,"USA",1951,"1918-1957","North","H"
"540","TRH4_35",0.009558491,-0.032637567,"USA",1957,"1918-1957","North","H"
"541","TRH4_36",0.015415563,-0.024690587,"USA",1973,"1958-1997","North","H"
"542","TRH4_37",0.01155738,-0.026244142,"USA",1959,"1958-1997","North","H"
"543","TRH4_38",0.015826285,-0.027413636,"USA",1979,"1958-1997","North","H"
"544","TRH4_39",0.03452221,-0.033403911,"USA",1893,"1878-1917","North","H"
"545","TRH4_3",0.025929323,-0.039373198,"USA",1899,"1878-1917","North","H"
"546","TRH4_40",0.029278021,-0.021640555,"USA",1944,"1918-1957","South","H"
"547","TRH4_42",-0.018496622,-0.026652934,"USA",1915,"1878-1917","North","H"
"548","TRH4_43",0.021687406,-0.041113836,"USA",1867,"1838-1877","North","H"
"549","TRH4_44",0.037880447,-0.030539977,"USA",1884,"1878-1917","Middle","H"
"550","TRH4_45",0.033008605,-0.031031958,"USA",1934,"1918-1957","North","H"
"551","TRH4_47",0.009846078,0.017190441,"USA",1961,"1958-1997","North","H"
"552","TRH4_48",0.025894924,-0.027317229,"USA",1988,"1958-1997","South","H"
"553","TRH4_4",0.035069342,-0.040267357,"USA",1916,"1878-1917","North","H"
"554","TRH4_50",0.033460692,-0.041766474,"USA",1922,"1918-1957","North","H"
"555","TRH4_51",0.036028721,-0.040935384,"USA",1885,"1878-1917","North","H"
"556","TRH4_54",0.018089651,-0.028436109,"USA",1986,"1958-1997","Middle","H"
"557","TRH4_55",0.01695586,-0.026817526,"USA",1952,"1918-1957","Middle","H"
"558","TRH4_56",0.029466216,-0.027467333,"USA",1943,"1918-1957","South","H"
"559","TRH4_57",0.008189047,0.016154586,"USA",1994,"1958-1997","Middle","H"
"560","TRH4_58",0.031569015,-0.038756708,"USA",1965,"1958-1997","Middle","H"
"561","TRH4_59",0.041645792,0.010795034,"USA",1961,"1958-1997","Middle","H"
"562","TRH4_5",0.002622158,0.041861809,"USA",1959,"1958-1997","","H"
"563","TRH4_60",0.020016398,-0.036906784,"USA",1944,"1918-1957","","H"
"564","TRH4_62",0.026665035,-0.024362575,"USA",1930,"1918-1957","Middle","H"
"565","TRH4_63",0.03329449,-0.041022803,"USA",1907,"1878-1917","Middle","H"
"566","TRH4_64",0.027077295,0.058052947,"USA",1992,"1958-1997","South","H"
"567","TRH4_65",0.031754774,-0.041625499,"USA",1977,"1958-1997","Middle","H"
"568","TRH4_66",0.034053305,0.055254319,"USA",NA,NA,"South","H"
"569","TRH4_67",0.005277533,0.047222086,"USA",NA,NA,"South","H"
"570","TRH4_69",0.023414307,-0.032179523,"USA",1936,"1918-1957","South","H"
"571","TRH4_70",0.028325518,0.054654509,"USA",1992,"1958-1997","South","H"
"572","TRH4_71",0.025119599,-0.027354093,"USA",1910,"1878-1917","South","H"
"573","TRH4_72",0.015867084,-0.028814258,"USA",1975,"1958-1997","South","H"
"574","TRH4_73",0.025289802,0.019387105,"USA",1975,"1958-1997","South","H"
"575","TRH4_74",0.002583758,0.047551435,"USA",1973,"1958-1997","South","H"
"576","TRH4_75",0.015828855,-0.034977342,"USA",1966,"1958-1997","South","H"
"577","TRH4_76",0.030591475,-0.035973341,"USA",1975,"1958-1997","South","H"
"578","TRH4_77",0.016848217,-0.018412266,"USA",1975,"1958-1997","South","H"
"579","TRH4_78",0.008326803,-0.033294672,"USA",2006,"1998-Present","South","H"
"580","TRH4_79",0.028220418,0.066310229,"USA",2001,"1998-Present","South","H"
"581","TRH4_7",0.027123042,-0.028022849,"USA",1902,"1878-1917","","H"
"582","TRH4_80",0.013452214,-0.028319009,"USA",1975,"1958-1997","South","H"
"583","TRH4_81",0.02411229,-0.012025083,"USA",1975,"1958-1997","South","H"
"584","TRH4_82",0.020915121,-0.037242461,"USA",1960,"1958-1997","South","H"
"585","TRH4_83",0.000940439,-0.004580649,"USA",2014,"1998-Present","South","H"
"586","TRH4_84",0.016161171,-0.038415729,"USA",1938,"1918-1957","North","H"
"587","TRH4_8",0.030007817,0.013255182,"USA",1970,"1958-1997","South","H"
"588","TRH4_9",0.034803994,-0.039631365,"USA",1897,"1878-1917","North","H"
"589","TRHS100",0.036198211,0.048632578,"USA",1947,"1918-1957","North","H"
"590","TRHS101",0.028302997,-0.037784794,"USA",1949,"1918-1957","Middle","H"
"591","TRHS102",0.036345812,-0.019417248,"USA",1882,"1878-1917","","H"
"592","TRHS103",0.006834185,0.02295872,"USA",1979,"1958-1997","Middle","H"
"593","TRHS104",0.041663598,0.063017699,"USA",1931,"1918-1957","South","H"
"594","TRHS105",0.000850278,-0.028666851,"USA",1854,"1838-1877","North","H"
"595","TRHS106",0.009506948,-0.029714195,"USA",1992,"1958-1997","North","H"
"596","TRHS107",0.002435112,0.008609469,"USA",2000,"1998-Present","North","H"
"597","TRHS109",0.026671857,-0.033721916,"USA",1916,"1878-1917","North","H"
"598","TRHS110",0.017962197,-0.028465367,"USA",1914,"1878-1917","North","H"
"599","TRHS111",0.01563608,-0.036656998,"USA",1926,"1918-1957","North","H"
"600","TRHS112",0.038364055,0.062744537,"USA",1978,"1958-1997","South","H"
"601","TRHS113",0.03809268,-0.03922423,"USA",1939,"1918-1957","North","H"
"602","TRHS114",0.032474292,-0.036784013,"USA",1934,"1918-1957","North","H"
"603","TRHS115",0.033349027,-0.041539142,"USA",1951,"1918-1957","North","H"
"604","TRHS116",0.032044442,-0.028998785,"USA",1932,"1918-1957","North","H"
"605","TRHS117",0.039605324,-0.03643879,"USA",1883,"1878-1917","Middle","H"
"606","TRHS118",0.039214329,-0.034582007,"USA",1903,"1878-1917","Middle","H"
"607","TRHS119",0.036608824,-0.03796398,"USA",1892,"1878-1917","Middle","H"
"608","TRHS120",0.042158691,0.067900802,"USA",1975,"1958-1997","South","H"
"609","TRHS121",0.0323456,0.030444334,"USA",1969,"1958-1997","South","H"
"610","TRHS122",0.028873521,0.051242157,"USA",1988,"1958-1997","South","H"
"611","TRHS123",0.031550305,0.052787815,"USA",1998,"1998-Present","South","H"
"612","TRHS124",0.03528256,0.058431805,"USA",1966,"1958-1997","","H"
"613","TRHS126",0.035814761,0.010889573,"USA",1947,"1918-1957","Middle","H"
"614","TRHS127",0.010984505,-0.014916674,"USA",1988,"1958-1997","North","H"
"615","TRHS128",0.042325946,0.069771881,"USA",1967,"1958-1997","South","H"
"616","TRHS129",0.026812208,-0.031720848,"USA",1954,"1918-1957","North","H"
"617","TRHS130",0.018666582,-0.030446642,"USA",1927,"1918-1957","Middle","H"
"618","TRHS131",0.022784408,-0.036805158,"USA",1914,"1878-1917","North","H"
"619","TRHS132",0.027865437,-0.036167205,"USA",1921,"1918-1957","Middle","H"
"620","TRHS133",0.032233601,-0.039828617,"USA",1946,"1918-1957","Middle","H"
"621","TRHS134",0.022389193,-0.032729309,"USA",1952,"1918-1957","North","H"
"622","TRHS135",0.03253492,-0.037376388,"USA",1936,"1918-1957","North","H"
"623","TRHS136",0.025484688,0.005505823,"USA",1971,"1958-1997","South","H"
"624","TRHS137",0.037522015,0.047390745,"USA",1964,"1958-1997","South","H"
"625","TRHS138",0.029836574,-0.028760424,"USA",1976,"1958-1997","South","H"
"626","TRHS139",0.029319637,-0.033083897,"USA",1903,"1878-1917","South","H"
"627","TRHS140",0.036257381,0.04770162,"USA",1975,"1958-1997","South","H"
"628","TRHS141",0.013075148,0.063490069,"USA",1999,"1998-Present","South","H"
"629","TRHS142",0.019551242,-0.031005096,"USA",1947,"1918-1957","Middle","H"
"630","TRHS143",0.020510565,-0.03898196,"USA",1984,"1958-1997","Middle","H"
"631","TRHS144",0.035842479,0.064130139,"USA",1990,"1958-1997","South","H"
"632","TRHS145",0.04150504,0.061444517,"USA",1939,"1918-1957","North","H"
"633","TRHS146",0.028446727,-0.038177194,"USA",1949,"1918-1957","North","H"
"634","TRHS147",0.039404414,0.064715496,"USA",1950,"1918-1957","","H"
"635","TRHS148",0.025184959,-0.038635946,"USA",1948,"1918-1957","Middle","H"
"636","TRHS149",0.021801176,-0.039007943,"USA",1972,"1958-1997","Middle","H"
"637","TRHS150",0.04210908,0.060139344,"USA",1941,"1918-1957","Middle","H"
"638","TRHS151",0.027164659,0.001877346,"USA",1991,"1958-1997","North","H"
"639","TRHS152",0.03678944,0.073251797,"USA",1974,"1958-1997","South","H"
"640","TRHS153",0.029041264,-0.03507862,"USA",1934,"1918-1957","North","H"
"641","TRHS154",0.029968597,-0.038473894,"USA",1914,"1878-1917","North","H"
"642","TRHS156",0.035580648,-0.037378541,"USA",1940,"1918-1957","Middle","H"
"643","TRHS158",0.025237527,-0.04276824,"USA",1939,"1918-1957","Middle","H"
"644","TRHS159",0.015996161,-0.040767049,"USA",1870,"1838-1877","North","H"
"645","TRHS160",0.043130538,0.06803203,"USA",1957,"1918-1957","South","H"
"646","TRHS161",0.023758586,0.013331501,"USA",1981,"1958-1997","Middle","H"
"647","TRHS162",0.026254043,-0.007359247,"USA",1985,"1958-1997","Middle","H"
"648","TRHS163",0.030889246,-0.036500403,"USA",1930,"1918-1957","Middle","H"
"649","TRHS165",0.010764646,0.039200986,"USA",1964,"1958-1997","Middle","H"
"650","TRHS166",0.022430021,0.020345075,"USA",1958,"1958-1997","Middle","H"
"651","TRHS167",0.02442867,-0.027709164,"USA",1957,"1918-1957","Middle","H"
"652","TRHS168",0.042288213,0.061200124,"USA",1933,"1918-1957","South","H"
"653","TRHS171",0.041377554,0.066004024,"USA",1956,"1918-1957","South","H"
"654","TRHS172",0.025526236,-0.024681468,"USA",1957,"1918-1957","South","H"
"655","TRHS173",0.034151597,0.032463247,"USA",1964,"1958-1997","South","H"
"656","TRHS174",0.030353351,0.011961299,"USA",1973,"1958-1997","Middle","H"
"657","TRHS175",0.026411165,-0.040946792,"USA",1978,"1958-1997","Middle","H"
"658","TRHS176",0.040037321,0.065490325,"USA",1972,"1958-1997","South","H"
"659","TRHS177",0.022570078,-0.039112521,"USA",2003,"1998-Present","Middle","H"
"660","TRHS178",0.012605883,-0.037091561,"USA",2009,"1998-Present","North","H"
"661","TRHS179",0.023204225,-0.038899762,"USA",2002,"1998-Present","North","H"
"662","TRHS180",0.017016539,-0.022553297,"USA",1994,"1958-1997","North","H"
"663","TRHS181",0.021738728,-0.040377155,"USA",1993,"1958-1997","North","H"
"664","TRHS182",0.027809964,-0.007389352,"USA",1980,"1958-1997","Middle","H"
"665","TRHS183",0.00853101,0.043775831,"USA",1977,"1958-1997","North","H"
"666","TRHS184",0.038706233,0.050153054,"USA",1975,"1958-1997","South","H"
"667","TRHS185",0.029192379,-0.030913051,"USA",1974,"1958-1997","Middle","H"
"668","TRHS186",0.018024592,-0.036080671,"USA",1906,"1878-1917","North","H"
"669","TRHS187",0.028784936,-0.029105329,"USA",1896,"1878-1917","North","H"
"670","TRHS188",0.021023209,-0.033716899,"USA",1930,"1918-1957","North","H"
"671","TRHS189",0.012455689,-0.033800408,"USA",1984,"1958-1997","North","H"
"672","TRHS190",0.017052783,-0.033007044,"USA",1958,"1958-1997","North","H"
"673","TRHS191",0.027344715,-0.036837981,"USA",1892,"1878-1917","North","H"
"674","TRHS192",0.041837365,0.068282844,"USA",1976,"1958-1997","South","H"
"675","TRHS193",0.035077203,-0.03783404,"USA",1955,"1918-1957","North","H"
"676","TRHS194",0.031793628,-0.036709284,"USA",1961,"1958-1997","North","H"
"677","TRHS195",0.033783414,-0.042429088,"USA",1958,"1958-1997","North","H"
"678","TRHS196",0.033167706,-0.023509332,"USA",1949,"1918-1957","Middle","H"
"679","TRHS197",0.030923658,-0.040471855,"USA",1906,"1878-1917","North","H"
"680","TRHS198",0.036596909,-0.024852393,"USA",1928,"1918-1957","North","H"
"681","TRHS199",0.033391914,-0.038004545,"USA",1954,"1918-1957","North","H"
"682","TRHS200",0.041105174,0.069687249,"USA",1981,"1958-1997","South","H"
"683","TRHS201",0.035688643,-0.036992268,"USA",1934,"1918-1957","North","H"
"684","TRHS202",0.037133642,-0.025749107,"USA",1960,"1958-1997","North","H"
"685","TRHS203",0.033094164,-0.037482374,"USA",1957,"1918-1957","North","H"
"686","TRHS204",0.017282626,-0.00764242,"USA",1968,"1958-1997","Middle","H"
"687","TRHS205",0.031153992,-0.042222044,"USA",1946,"1918-1957","North","H"
"688","TRHS206",0.032663351,-0.039087252,"USA",1922,"1918-1957","North","H"
"689","TRHS207",0.039574119,0.059521549,"USA",1982,"1958-1997","South","H"
"690","TRHS208",0.041190789,0.057481321,"USA",1967,"1958-1997","South","H"
"691","TRHS209",0.03126006,-0.005231886,"USA",1990,"1958-1997","","H"
"692","TRHS210",0.025432264,-0.000740252,"USA",1990,"1958-1997","Middle","H"
"693","TRHS211",0.034347097,0.060260021,"USA",1982,"1958-1997","South","H"
"694","TRHS212",0.016869118,0.053017872,"USA",1970,"1958-1997","Middle","H"
"695","TRHS213",0.030303365,-0.041188136,"USA",1946,"1918-1957","Middle","H"
"696","TRHS214",0.024695232,-0.008066903,"USA",1968,"1958-1997","Middle","H"
"697","TRHS215",0.039692517,0.059752027,"USA",1961,"1958-1997","Middle","H"
"698","TRHS216",0.038136008,0.069230636,"USA",1975,"1958-1997","South","H"
"699","TRHS217",0.03229306,-0.032004414,"USA",1973,"1958-1997","Middle","H"
"700","TRHS219",0.018470469,0.023995441,"USA",1983,"1958-1997","Middle","H"
"701","TRHS220",0.017586232,0.048791452,"USA",1966,"1958-1997","Middle","H"
"702","TRHS221",0.024082114,-0.029071724,"USA",1962,"1958-1997","Middle","H"
"703","TRHS222",0.024509023,-0.026346907,"USA",1971,"1958-1997","Middle","H"
"704","TRHS223",0.036428671,0.069149425,"USA",1955,"1918-1957","Middle","H"
"705","TRHS224",0.040751237,0.070487432,"USA",1971,"1958-1997","South","H"
"706","TRHS225",0.024343203,0.043930907,"USA",1963,"1958-1997","North","H"
"707","TRHS226",0.028374249,-0.040724411,"USA",1899,"1878-1917","North","H"
"708","TRHS228",0.026132758,-0.039363085,"USA",1950,"1918-1957","North","H"
"709","TRHS229",0.034075301,-0.039985368,"USA",1939,"1918-1957","North","H"
"710","TRHS231",0.026139257,-0.039376202,"USA",1962,"1958-1997","North","H"
"711","TRHS232",0.038213081,0.072706905,"USA",1987,"1958-1997","South","H"
"712","TRHS233",0.034925456,-0.036740342,"USA",1957,"1918-1957","North","H"
"713","TRHS234",0.015074967,-0.037354924,"USA",1945,"1918-1957","North","H"
"714","TRHS235",0.028540153,-0.040640068,"USA",1952,"1918-1957","Middle","H"
"715","TRHS236",0.025251673,-0.021442379,"USA",1954,"1918-1957","North","H"
"716","TRHS237",0.030393585,-0.036604858,"USA",1918,"1918-1957","North","H"
"717","TRHS238",0.024914436,-0.039315467,"USA",1959,"1958-1997","North","H"
"718","TRHS239",0.036712992,-0.039587491,"USA",1951,"1918-1957","North","H"
"719","TRHS240",0.035541148,0.069659183,"USA",1987,"1958-1997","South","H"
"720","TRHS241",0.032624373,-0.037473389,"USA",1970,"1958-1997","South","H"
"721","TRHS242",0.013337978,0.026916123,"USA",2018,"1998-Present","South","H"
"722","TRHS243",0.035626263,-0.035786868,"USA",1948,"1918-1957","South","H"
"723","TRHS244",0.038155105,0.061670971,"USA",1967,"1958-1997","South","H"
"724","TRHS245",0.026335733,0.046312191,"USA",2013,"1998-Present","South","H"
"725","TRHS246",0.007699737,0.051131572,"USA",2012,"1998-Present","South","H"
"726","TRHS247",0.043045678,0.064702621,"USA",1936,"1918-1957","South","H"
"727","TRHS248",0.014982555,0.049161502,"USA",1977,"1958-1997","South","H"
"728","TRHS249",0.004497687,0.047615556,"USA",2013,"1998-Present","","H"
"729","TRHS250",0.025483752,0.062360581,"USA",1987,"1958-1997","South","H"
"730","TRHS251",0.041778357,0.067454824,"USA",1967,"1958-1997","South","H"
"731","TRHS252",0.021763925,0.003031191,"USA",1958,"1958-1997","South","H"
"732","TRHS254",0.011552986,0.021152588,"USA",2001,"1998-Present","South","H"
"733","TRHS255",0.029125177,0.069411703,"USA",2005,"1998-Present","South","H"
"734","TRHS256",0.009832993,0.058373968,"USA",2006,"1998-Present","South","H"
"735","TRHS257",0.036586343,-0.018993138,"USA",1956,"1918-1957","","H"
"736","TRHS259",0.034419639,-0.038720972,"USA",1974,"1958-1997","Middle","H"
"737","TRHS260",0.02519474,-0.027897705,"USA",1989,"1958-1997","Middle","H"
"738","TRHS261",0.020358107,0.048301477,"USA",1988,"1958-1997","","H"
"739","TRHS262",0.039391941,-0.029103074,"USA",1924,"1918-1957","Middle","H"
"740","TRHS263",0.02141569,0.003758821,"USA",1992,"1958-1997","","H"
"741","TRHS264",0.029414147,-0.014539742,"USA",1987,"1958-1997","Middle","H"
"742","TRHS265",0.033204555,-0.037191474,"USA",1972,"1958-1997","Middle","H"
"743","TRHS266",0.032195261,-0.039548427,"USA",1968,"1958-1997","Middle","H"
"744","TRHS267",0.039557136,-0.03172688,"USA",1966,"1958-1997","Middle","H"
"745","TRHS268",0.03778225,-0.013156153,"USA",1965,"1958-1997","Middle","H"
"746","TRHS269",0.032913816,-0.038936386,"USA",1974,"1958-1997","Middle","H"
"747","TRHS270",0.035869614,-0.033881921,"USA",1983,"1958-1997","Middle","H"
"748","TRHS271",0.033167575,0.002810923,"USA",1986,"1958-1997","Middle","H"
"749","TRHS272",0.030972737,-0.020609565,"USA",1986,"1958-1997","Middle","H"
"750","TRHS273",0.032803542,-0.032291837,"USA",1986,"1958-1997","Middle","H"
"751","TRHS274",0.030988499,-0.04390053,"USA",1989,"1958-1997","","H"
"752","TRHS275",0.032334312,-0.00689513,"USA",NA,NA,"","H"
"753","TRHS276",0.024269708,0.014590658,"USA",NA,NA,"","H"
"754","TRHS277",0.029597352,0.004079332,"USA",1985,"1958-1997","Middle","H"
"755","TRHS278",0.019912714,0.02729681,"USA",1970,"1958-1997","Middle","H"
"756","TRHS280",0.038168938,-0.029107425,"USA",1895,"1878-1917","","H"
"757","TRHS281",0.041786645,-0.029513387,"USA",1885,"1878-1917","Middle","H"
"758","TRHS283",0.029832586,-0.038208895,"USA",1919,"1918-1957","","H"
"759","TRHS284",0.038028734,-0.032697628,"USA",1913,"1878-1917","Middle","H"
"760","TRHS285",0.027018177,-0.034262747,"USA",1965,"1958-1997","Middle","H"
"761","TRHS286",0.029020091,-0.038977476,"USA",1914,"1878-1917","Middle","H"
"762","TRHS287",0.030632369,0.046375654,"USA",NA,NA,"","H"
"763","TRHS289",0.033695518,-0.039652959,"USA",1966,"1958-1997","North","H"
"764","TRHS290",0.035335314,-0.034627436,"USA",1982,"1958-1997","North","H"
"765","TRHS291",0.022690376,-0.037245106,"USA",1982,"1958-1997","North","H"
"766","TRHS292",0.035587164,-0.037871626,"USA",1889,"1878-1917","North","H"
"767","TRHS293",0.022496373,-0.021474613,"USA",1887,"1878-1917","North","H"
"768","TRHS294",0.019330996,-0.026080083,"USA",1985,"1958-1997","North","H"
"769","TRHS297",0.036623824,-0.033437528,"USA",1898,"1878-1917","North","H"
"770","TRHS298",0.026069075,-0.037593291,"USA",1956,"1918-1957","North","H"
"771","TRHS299",0.019441516,-0.03450117,"USA",1993,"1958-1997","North","H"
"772","TRHS300",0.035707698,-0.02897265,"USA",1875,"1838-1877","North","H"
"773","TRHS301",0.015891464,-0.037811557,"USA",2004,"1998-Present","North","H"
"774","TRHS302",0.033308751,-0.039530346,"USA",1939,"1918-1957","North","H"
"775","TRHS303",0.019941306,-0.040119305,"USA",2003,"1998-Present","","H"
"776","TRHS304",0.018404625,-0.023859695,"USA",1972,"1958-1997","North","H"
"777","TRHS306",0.032034914,-0.038775345,"USA",2002,"1998-Present","North","H"
"778","TRHS307",0.031179419,-0.027018792,"USA",1894,"1878-1917","North","H"
"779","TRHS309",0.029315909,-0.038642777,"USA",1967,"1958-1997","North","H"
"780","TRHS310",0.025978694,-0.042633024,"USA",1977,"1958-1997","North","H"
"781","TRHS312",0.022956332,-0.040217888,"USA",1967,"1958-1997","North","H"
"782","TRHS313",0.029581981,-0.03719736,"USA",1968,"1958-1997","North","H"
"783","TRHS314",0.008465648,0.035862848,"USA",1941,"1918-1957","North","H"
"784","TRHS316",0.038317764,-0.035240249,"USA",1897,"1878-1917","North","H"
"785","TRHS317",0.034126285,-0.032139927,"USA",1894,"1878-1917","North","H"
"786","TRHS318",0.038303502,-0.036590945,"USA",NA,NA,"","H"
"787","TRHS321",0.037045891,-0.038914469,"USA",2005,"1998-Present","North","H"
"788","TRHS322",0.028723451,-0.037316406,"USA",1980,"1958-1997","North","H"
"789","TRHS323",0.034606017,-0.03673255,"USA",2009,"1998-Present","North","H"
"790","TRHS324",0.027850951,0.019800047,"USA",2007,"1998-Present","South","H"
"791","TRHS325",0.032514954,0.068037448,"USA",2002,"1998-Present","South","H"
"792","TRHS326",0.020509354,-0.007763746,"USA",1995,"1958-1997","North","H"
"793","TRHS327",0.022230115,-0.037138809,"USA",2009,"1998-Present","North","H"
"794","TRHS328",0.032563173,-0.036646488,"USA",2000,"1998-Present","North","H"
"795","TRHS329",0.033882569,-0.037278631,"USA",1892,"1878-1917","North","H"
"796","TRHS331",0.013445246,0.041438414,"USA",1966,"1958-1997","North","H"
"797","TRHS332",0.030745838,-0.039002377,"USA",1930,"1918-1957","North","H"
"798","TRHS334",0.033544332,-0.038017647,"USA",2008,"1998-Present","North","H"
"799","TRHS335",0.031677368,-0.042110082,"USA",1927,"1918-1957","North","H"
"800","TRHS337",0.037288509,0.068576181,"USA",1990,"1958-1997","","H"
"801","TRHS338",0.04182206,0.069028608,"USA",1984,"1958-1997","","H"
"802","TRHS339",0.040379211,0.066339338,"USA",1987,"1958-1997","South","H"
"803","TRHS340",0.041248388,0.069932933,"USA",1993,"1958-1997","","H"
"804","TRHS341",0.041290434,0.063923543,"USA",1971,"1958-1997","South","H"
"805","TRHS342",0.036248319,0.069116951,"USA",1989,"1958-1997","South","H"
"806","TRHS343",0.03905537,0.06730056,"USA",1981,"1958-1997","South","H"
"807","TRHS344",0.038100255,0.066080677,"USA",1987,"1958-1997","South","H"
"808","TRHS345",0.042611587,0.06766028,"USA",1933,"1918-1957","South","H"
"809","TRHS346",0.04066165,0.066443216,"USA",2013,"1998-Present","South","H"
"810","TRHS347",0.037936175,0.065650995,"USA",2020,"1998-Present","South","H"
"811","TRHS348",0.030918107,0.070215597,"USA",2004,"1998-Present","South","H"
"812","TRHS349",0.037740059,0.070161157,"USA",1996,"1958-1997","South","H"
"813","TRHS350",0.043356127,0.042763346,"USA",1962,"1958-1997","South","H"
"814","TRHS351",0.044507799,0.066054591,"USA",1941,"1918-1957","South","H"
"815","TRHS352",0.043044694,0.063804044,"USA",1933,"1918-1957","South","H"
"816","TRHS353",0.039359262,0.065355917,"USA",1969,"1958-1997","South","H"
"817","TRHS354",0.045909367,0.04227059,"USA",1949,"1918-1957","South","H"
"818","TRHS355",0.045334008,0.060373287,"USA",1949,"1918-1957","South","H"
"819","TRHS356",0.031383555,0.061443058,"USA",2003,"1998-Present","South","H"
"820","TRHS357",0.034326213,0.067116844,"USA",1976,"1958-1997","South","H"
"821","TRHS358",0.040590646,0.069709504,"USA",NA,NA,"","H"
"822","TRHS359",0.038934536,0.06981323,"USA",1971,"1958-1997","South","H"
"823","TRHS360",0.028295528,0.06663011,"USA",1973,"1958-1997","South","H"
"824","TRHS361",0.045131788,0.061044228,"USA",2002,"1998-Present","South","H"
"825","TRHS362",0.039184182,0.067231435,"USA",1990,"1958-1997","","H"
"826","TRHS363",0.025848769,-0.012899692,"USA",1966,"1958-1997","South","H"
"827","TRHS364",0.016437392,-0.028880993,"USA",1931,"1918-1957","South","H"
"828","TRHS366",0.036843008,-0.022920687,"USA",1876,"1838-1877","","H"
"829","TRHS367",0.042188265,0.056302039,"USA",1949,"1918-1957","","H"
"830","TRHS368",0.036813898,0.064482458,"USA",1965,"1958-1997","","H"
"831","TRHS369",0.034418679,0.061581003,"USA",1965,"1958-1997","","H"
"832","TRHS371",0.01350043,-0.032892042,"USA",1898,"1878-1917","","H"
"833","TRHS372",-0.021001286,-0.026164302,"USA",1991,"1958-1997","North","H"
"834","TRHS373",0.01361095,-0.030668748,"USA",1991,"1958-1997","North","H"
"835","TRHS374",0.010931173,-0.034832881,"USA",1991,"1958-1997","North","H"
"836","TRHS375",0.017571972,-0.031966694,"USA",2001,"1998-Present","","H"
"837","TRHS376",0.016671725,-0.030964628,"USA",1939,"1918-1957","North","H"
"838","TRHS377",0.010149901,-0.029337416,"USA",1959,"1958-1997","North","H"
"839","TRHS378",0.019090223,-0.033599815,"USA",2008,"1998-Present","North","H"
"840","TRHS379",0.027244622,-0.033296329,"USA",1962,"1958-1997","North","H"
"841","TRHS380",0.013765503,-0.027743068,"USA",1972,"1958-1997","North","H"
"842","TRHS381",0.017178135,-0.032383202,"USA",1996,"1958-1997","","H"
"843","TRHS382",0.019159269,-0.030313661,"USA",1984,"1958-1997","North","H"
"844","TRHS383",-0.011112427,-0.029246479,"USA",1983,"1958-1997","North","H"
"845","TRHS385",-0.013283236,-0.028966471,"USA",2021,"1998-Present","Middle","H"
"846","TRHS386",0.027159046,-0.033837127,"USA",1891,"1878-1917","North","H"
"847","TRHS387",0.025568789,-0.031066424,"USA",2010,"1998-Present","North","H"
"848","TRHS388",0.011124989,-0.028872522,"USA",1935,"1918-1957","North","H"
"849","TRHS389",0.008589417,-0.034151896,"USA",1993,"1958-1997","North","H"
"850","TRHS390",0.003161493,-0.034741632,"USA",2014,"1998-Present","North","H"
"851","TRHS391",0.006669345,-0.029246754,"USA",1990,"1958-1997","North","H"
"852","TRHS392",0.016959232,-0.034389178,"USA",1891,"1878-1917","","H"
"853","TRHS393",0.010409392,-0.029838374,"USA",1975,"1958-1997","North","H"
"854","TRHS394",0.006421929,-0.030308773,"USA",1993,"1958-1997","North","H"
"855","TRHS395",0.009212373,-0.034561304,"USA",2005,"1998-Present","North","H"
"856","TRHS396",0.001535271,-0.007077014,"USA",1978,"1958-1997","North","H"
"857","TRHS397",0.009705338,-0.035717536,"USA",2012,"1998-Present","North","H"
"858","TRHS398",0.032251699,-0.037259172,"USA",1971,"1958-1997","North","H"
"859","TRHS399",0.032706214,-0.022696506,"USA",2011,"1998-Present","North","H"
"860","TRHS400",0.025246268,-0.025055445,"USA",1877,"1838-1877","North","H"
"861","TRHS401",0.036021491,-0.036991616,"USA",2001,"1998-Present","North","H"
"862","TRHS402",0.021275701,-0.006914769,"USA",1935,"1918-1957","Middle","H"
"863","TRHS403",0.011994975,0.011282019,"USA",1968,"1958-1997","North","H"
"864","TRHS404",0.0364253,0.018563399,"USA",1882,"1878-1917","North","H"
"865","TRHS405",0.023718462,0.030370541,"USA",1970,"1958-1997","North","H"
"866","TRHS406",0.03203344,-0.028853924,"USA",2005,"1998-Present","North","H"
"867","TRHS407",0.037650235,-0.010479711,"USA",1879,"1878-1917","North","H"
"868","TRHS408",0.034242854,-0.03931364,"USA",2004,"1998-Present","North","H"
"869","TRHS409",0.03631375,-0.033848537,"USA",2010,"1998-Present","North","H"
"870","TRHS410",0.03685916,-0.038212047,"USA",2022,"1998-Present","North","H"
"871","TRHS411",0.031114589,-0.040323281,"USA",2024,"1998-Present","North","H"
"872","TRHS412",0.031127573,-0.043510418,"USA",2019,"1998-Present","North","H"
"873","TRHS413",0.037004454,-0.036830557,"USA",1883,"1878-1917","North","H"
"874","TRHS414",0.03517696,-0.041915645,"USA",1889,"1878-1917","North","H"
"875","TRHS415",0.036567375,-0.035944931,"USA",1884,"1878-1917","North","H"
"876","TRHS416",0.036240478,-0.027948827,"USA",1933,"1918-1957","North","H"
"877","TRHS417",0.025265408,-0.033927182,"USA",1938,"1918-1957","Middle","H"
"878","TRHS418",0.018865913,-0.032818169,"USA",1998,"1998-Present","North","H"
"879","TRHS419",0.035381128,-0.028991773,"USA",1946,"1918-1957","South","H"
"880","TRHS420",0.020738492,-0.036619578,"USA",1999,"1998-Present","Middle","H"
"881","TRHS421",0.023669,0.013967763,"USA",1953,"1918-1957","Middle","H"
"882","TRHS422",0.041215184,0.042840083,"USA",1969,"1958-1997","South","H"
"883","TRHS423",0.01867311,-0.031154453,"USA",1965,"1958-1997","North","H"
"884","TRHS424",0.037754917,0.034747351,"USA",1969,"1958-1997","Middle","H"
"885","TRHS425",0.039933737,-0.008753477,"USA",1948,"1918-1957","South","H"
"886","TRHS426",0.018365004,0.029213519,"USA",1960,"1958-1997","South","H"
"887","TRHS427",0.023417681,0.012920066,"USA",1947,"1918-1957","South","H"
"888","TRHS428",0.039274526,0.060257567,"USA",1977,"1958-1997","South","H"
"889","TRHS429",0.040417865,0.066720532,"USA",1974,"1958-1997","South","H"
"890","TRHS430",0.036448614,0.055609838,"USA",1950,"1918-1957","South","H"
"891","TRHS431",0.038018193,0.035710772,"USA",1959,"1958-1997","Middle","H"
"892","TRHS432",0.041173495,-0.008781408,"USA",1904,"1878-1917","North","H"
"893","TRHS50",0.034915667,-0.040943037,"USA",1889,"1878-1917","North","H"
"894","TRHS51",0.030784834,-0.041236204,"USA",1902,"1878-1917","North","H"
"895","TRHS52",0.018749845,-0.042220485,"USA",1904,"1878-1917","North","H"
"896","TRHS53",0.027323507,-0.040121537,"USA",1923,"1918-1957","North","H"
"897","TRHS54",0.015424426,-0.039422353,"USA",1925,"1918-1957","North","H"
"898","TRHS55",0.02374352,-0.018002624,"USA",1934,"1918-1957","North","H"
"899","TRHS56",0.032462712,0.071900396,"USA",1991,"1958-1997","South","H"
"900","TRHS57",0.039757356,0.059383126,"USA",1973,"1958-1997","South","H"
"901","TRHS58",0.028037533,0.038026764,"USA",1957,"1918-1957","South","H"
"902","TRHS59",0.038674906,-0.030941107,"USA",1888,"1878-1917","Middle","H"
"903","TRHS60",0.035494139,-0.039227782,"USA",1891,"1878-1917","Middle","H"
"904","TRHS61",0.03756944,-0.031745472,"USA",1913,"1878-1917","Middle","H"
"905","TRHS63",0.000589473,-0.027213199,"USA",1927,"1918-1957","Middle","H"
"906","TRHS64",0.037707178,0.066128196,"USA",1979,"1958-1997","South","H"
"907","TRHS65",0.023122199,-0.040289339,"USA",1935,"1918-1957","North","H"
"908","TRHS66",0.033696117,-0.038587617,"USA",1937,"1918-1957","North","H"
"909","TRHS67",0.027157233,-0.037435125,"USA",1942,"1918-1957","North","H"
"910","TRHS68",0.023372769,-0.042232738,"USA",1946,"1918-1957","North","H"
"911","TRHS69",0.026521076,-0.040104506,"USA",1948,"1918-1957","North","H"
"912","TRHS70",0.014770671,-0.004116522,"USA",1951,"1918-1957","North","H"
"913","TRHS71",0.032107859,-0.035372601,"USA",1972,"1958-1997","North","H"
"914","TRHS72",0.043008346,0.061645369,"USA",1971,"1958-1997","","H"
"915","TRHS73",0.034782731,-0.034178405,"USA",1937,"1918-1957","Middle","H"
"916","TRHS74",0.039679551,0.02210506,"USA",1940,"1918-1957","Middle","H"
"917","TRHS75",0.035058541,0.073239996,"USA",1941,"1918-1957","Middle","H"
"918","TRHS76",0.03341908,-0.029510693,"USA",1943,"1918-1957","Middle","H"
"919","TRHS77",0.034582922,0.061337047,"USA",1957,"1918-1957","South","H"
"920","TRHS78",0.034977129,0.062018192,"USA",1956,"1918-1957","South","H"
"921","TRHS79",-0.000125013,-0.029041043,"USA",1920,"1918-1957","South","H"
"922","TRHS80",0.030694624,0.072626658,"USA",1977,"1958-1997","South","H"
"923","TRHS81",0.022413212,-0.026128111,"USA",1971,"1958-1997","","H"
"924","TRHS82",0.024702491,-0.039504296,"USA",1948,"1918-1957","Middle","H"
"925","TRHS83",0.033478192,0.044075033,"USA",1947,"1918-1957","Middle","H"
"926","TRHS84",0.012371901,-0.035270527,"USA",1991,"1958-1997","Middle","H"
"927","TRHS85",0.038133484,0.062718577,"USA",1947,"1918-1957","Middle","H"
"928","TRHS86",0.027100758,-0.039723133,"USA",1947,"1918-1957","Middle","H"
"929","TRHS87",0.033517944,0.060326016,"USA",1949,"1918-1957","Middle","H"
"930","TRHS88",0.033361591,0.069116328,"USA",1983,"1958-1997","South","H"
"931","TRHS89",0.000499363,-0.032257666,"USA",1838,"1838-1877","North","H"
"932","TRHS90",0.008929828,-0.034590914,"USA",1839,"1838-1877","South","H"
"933","TRHS91",0.014231347,-0.02668391,"USA",1863,"1838-1877","North","H"
"934","TRHS92",0.029973502,-0.033785101,"USA",1898,"1878-1917","North","H"
"935","TRHS93",0.032596196,-0.024954661,"USA",1879,"1878-1917","","H"
"936","TRHS94",0.023517799,-0.030831627,"USA",1923,"1918-1957","North","H"
"937","TRHS95",0.010321023,-0.03042692,"USA",1987,"1958-1997","North","H"
"938","TRHS96",0.0443724,0.055291141,"USA",1977,"1958-1997","South","H"
"939","TRHS97",0.028790739,-0.034152391,"USA",1947,"1918-1957","North","H"
"940","TRHS98",0.011212945,0.034778817,"USA",1994,"1958-1997","Middle","H"
"941","TRHS99",0.020811994,-0.034918455,"USA",1982,"1958-1997","North","H"
"942","USMS_000010705",0.039156952,0.066483391,"USA",1975,"1958-1997","","H"
"943","USMS_000010708",0.034986535,0.052504207,"USA",1997,"1958-1997","","H"
"944","USMS_000018022",0.018537433,0.061871053,"USA",2008,"1998-Present","","H"
"945","WVA_105307",-0.011747643,-0.028284119,"USA",1912,"1878-1917","Middle","H"
"946","WVA_56235",0.022711643,-0.031894161,"USA",1961,"1958-1997","Middle","H"
"947","WVA_56236",0.022636045,-0.025540972,"USA",1934,"1918-1957","Middle","H"
"948","WVA_56250",0.026422883,0.05453039,"USA",1947,"1918-1957","","H"
