"","Samp","Directory"
"1","Antwerp_1_10","/work/calicraw/Projects/HerbariumMicrobes/Aligned/endogenous/GLUE/processed_bam"
"2","Antwerp_1_11","/work/calicraw/Projects/HerbariumMicrobes/Aligned/endogenous/GLUE/processed_bam"
"3","Antwerp_1_13","/work/calicraw/Projects/HerbariumMicrobes/Aligned/endogenous/GLUE/processed_bam"
"4","Antwerp_1_17","/work/calicraw/Projects/HerbariumMicrobes/Aligned/endogenous/GLUE/processed_bam"
"5","Antwerp_1_2","/work/calicraw/Projects/HerbariumMicrobes/Aligned/endogenous/GLUE/processed_bam"
"6","Antwerp_1_5","/work/calicraw/Projects/HerbariumMicrobes/Aligned/endogenous/GLUE/processed_bam"
"7","Antwerp_1_7","/work/calicraw/Projects/HerbariumMicrobes/Aligned/endogenous/GLUE/processed_bam"
"8","Antwerp_1_9","/work/calicraw/Projects/HerbariumMicrobes/Aligned/endogenous/GLUE/processed_bam"
"9","Antwerp_2_11","/work/calicraw/Projects/HerbariumMicrobes/Aligned/endogenous/GLUE/processed_bam"
"10","Antwerp_2_13","/work/calicraw/Projects/HerbariumMicrobes/Aligned/endogenous/GLUE/processed_bam"
"11","Antwerp_2_3","/work/calicraw/Projects/HerbariumMicrobes/Aligned/endogenous/GLUE/processed_bam"
"12","Antwerp_2_4","/work/calicraw/Projects/HerbariumMicrobes/Aligned/endogenous/GLUE/processed_bam"
"13","Antwerp_2_6","/work/calicraw/Projects/HerbariumMicrobes/Aligned/endogenous/GLUE/processed_bam"
"14","Antwerp_2_7","/work/calicraw/Projects/HerbariumMicrobes/Aligned/endogenous/GLUE/processed_bam"
"15","Antwerp_2_9","/work/calicraw/Projects/HerbariumMicrobes/Aligned/endogenous/GLUE/processed_bam"
"16","Antwerp_3_1","/work/calicraw/Projects/HerbariumMicrobes/Aligned/endogenous/GLUE/processed_bam"
"17","Antwerp_3_10","/work/calicraw/Projects/HerbariumMicrobes/Aligned/endogenous/GLUE/processed_bam"
"18","Antwerp_3_14","/work/calicraw/Projects/HerbariumMicrobes/Aligned/endogenous/GLUE/processed_bam"
"19","Antwerp_3_15","/work/calicraw/Projects/HerbariumMicrobes/Aligned/endogenous/GLUE/processed_bam"
"20","Antwerp_3_5","/work/calicraw/Projects/HerbariumMicrobes/Aligned/endogenous/GLUE/processed_bam"
"21","Antwerp_36_11","/work/calicraw/Projects/HerbariumMicrobes/Aligned/endogenous/GLUE/processed_bam"
"22","Antwerp_36_12","/work/calicraw/Projects/HerbariumMicrobes/Aligned/endogenous/GLUE/processed_bam"
"23","Antwerp_36_13","/work/calicraw/Projects/HerbariumMicrobes/Aligned/endogenous/GLUE/processed_bam"
"24","Antwerp_36_14","/work/calicraw/Projects/HerbariumMicrobes/Aligned/endogenous/GLUE/processed_bam"
"25","Antwerp_36_4","/work/calicraw/Projects/HerbariumMicrobes/Aligned/endogenous/GLUE/processed_bam"
"26","Antwerp_36_7","/work/calicraw/Projects/HerbariumMicrobes/Aligned/endogenous/GLUE/processed_bam"
"27","Antwerp_36_8","/work/calicraw/Projects/HerbariumMicrobes/Aligned/endogenous/GLUE/processed_bam"
"28","Antwerp_37_1","/work/calicraw/Projects/HerbariumMicrobes/Aligned/endogenous/GLUE/processed_bam"
"29","Antwerp_37_11","/work/calicraw/Projects/HerbariumMicrobes/Aligned/endogenous/GLUE/processed_bam"
"30","Antwerp_37_13","/work/calicraw/Projects/HerbariumMicrobes/Aligned/endogenous/GLUE/processed_bam"
"31","Antwerp_37_17","/work/calicraw/Projects/HerbariumMicrobes/Aligned/endogenous/GLUE/processed_bam"
"32","Antwerp_37_19","/work/calicraw/Projects/HerbariumMicrobes/Aligned/endogenous/GLUE/processed_bam"
"33","Antwerp_37_6","/work/calicraw/Projects/HerbariumMicrobes/Aligned/endogenous/GLUE/processed_bam"
"34","Antwerp_37_9","/work/calicraw/Projects/HerbariumMicrobes/Aligned/endogenous/GLUE/processed_bam"
"35","Antwerp_38_10","/work/calicraw/Projects/HerbariumMicrobes/Aligned/endogenous/GLUE/processed_bam"
"36","Antwerp_38_12","/work/calicraw/Projects/HerbariumMicrobes/Aligned/endogenous/GLUE/processed_bam"
"37","Antwerp_38_14","/work/calicraw/Projects/HerbariumMicrobes/Aligned/endogenous/GLUE/processed_bam"
"38","Antwerp_38_17","/work/calicraw/Projects/HerbariumMicrobes/Aligned/endogenous/GLUE/processed_bam"
"39","Antwerp_39_15","/work/calicraw/Projects/HerbariumMicrobes/Aligned/endogenous/GLUE/processed_bam"
"40","Antwerp_39_4","/work/calicraw/Projects/HerbariumMicrobes/Aligned/endogenous/GLUE/processed_bam"
"41","Antwerp_39_9","/work/calicraw/Projects/HerbariumMicrobes/Aligned/endogenous/GLUE/processed_bam"
"42","Antwerp_4_10","/work/calicraw/Projects/HerbariumMicrobes/Aligned/endogenous/GLUE/processed_bam"
"43","Antwerp_4_11","/work/calicraw/Projects/HerbariumMicrobes/Aligned/endogenous/GLUE/processed_bam"
"44","Antwerp_4_15","/work/calicraw/Projects/HerbariumMicrobes/Aligned/endogenous/GLUE/processed_bam"
"45","Antwerp_4_16","/work/calicraw/Projects/HerbariumMicrobes/Aligned/endogenous/GLUE/processed_bam"
"46","Antwerp_4_3","/work/calicraw/Projects/HerbariumMicrobes/Aligned/endogenous/GLUE/processed_bam"
"47","Antwerp_40_1","/work/calicraw/Projects/HerbariumMicrobes/Aligned/endogenous/GLUE/processed_bam"
"48","Antwerp_40_5","/work/calicraw/Projects/HerbariumMicrobes/Aligned/endogenous/GLUE/processed_bam"
"49","Antwerp_40_6","/work/calicraw/Projects/HerbariumMicrobes/Aligned/endogenous/GLUE/processed_bam"
"50","Antwerp_40_7","/work/calicraw/Projects/HerbariumMicrobes/Aligned/endogenous/GLUE/processed_bam"
"51","Antwerp_5_10","/work/calicraw/Projects/HerbariumMicrobes/Aligned/endogenous/GLUE/processed_bam"
"52","Antwerp_5_18","/work/calicraw/Projects/HerbariumMicrobes/Aligned/endogenous/GLUE/processed_bam"
"53","Antwerp_5_4","/work/calicraw/Projects/HerbariumMicrobes/Aligned/endogenous/GLUE/processed_bam"
"54","Antwerp_5_5","/work/calicraw/Projects/HerbariumMicrobes/Aligned/endogenous/GLUE/processed_bam"
"55","Antwerp_5_6","/work/calicraw/Projects/HerbariumMicrobes/Aligned/endogenous/GLUE/processed_bam"
"56","Antwerp_5_8","/work/calicraw/Projects/HerbariumMicrobes/Aligned/endogenous/GLUE/processed_bam"
"57","Antwerp_5_9","/work/calicraw/Projects/HerbariumMicrobes/Aligned/endogenous/GLUE/processed_bam"
"58","BHSC_6830792","/work/calicraw/Projects/HerbariumStructure/aligned/processed/herbarium"
"59","Brighton_2_6","/work/calicraw/Projects/HerbariumMicrobes/Aligned/endogenous/GLUE/processed_bam"
"60","Brighton_3_6","/work/calicraw/Projects/HerbariumMicrobes/Aligned/endogenous/GLUE/processed_bam"
"61","Brighton_38_20","/work/calicraw/Projects/HerbariumMicrobes/Aligned/endogenous/GLUE/processed_bam"
"62","Brighton_39_6","/work/calicraw/Projects/HerbariumMicrobes/Aligned/endogenous/GLUE/processed_bam"
"63","Brighton_40_1","/work/calicraw/Projects/HerbariumMicrobes/Aligned/endogenous/GLUE/processed_bam"
"64","Brighton_5_1","/work/calicraw/Projects/HerbariumMicrobes/Aligned/endogenous/GLUE/processed_bam"
"65","cg_178","/work/calicraw/Projects/HerbariumStructure/aligned/processed/spain"
"66","cg_286","/work/calicraw/Projects/HerbariumStructure/aligned/processed/spain"
"67","cg_301","/work/calicraw/Projects/HerbariumStructure/aligned/processed/spain"
"68","cg_453","/work/calicraw/Projects/HerbariumStructure/aligned/processed/spain"
"69","crau",NA
"70","durana",NA
"71","GA_042908","/work/calicraw/Projects/HerbariumStructure/aligned/processed/herbarium"
"72","GA_042925","/work/calicraw/Projects/HerbariumStructure/aligned/processed/herbarium"
"73","GA_042926","/work/calicraw/Projects/HerbariumStructure/aligned/processed/herbarium"
"74","GA_042931","/work/calicraw/Projects/HerbariumStructure/aligned/processed/herbarium"
"75","GA_042933","/work/calicraw/Projects/HerbariumStructure/aligned/processed/herbarium"
"76","GA_042934","/work/calicraw/Projects/HerbariumStructure/aligned/processed/herbarium"
"77","GA_042936","/work/calicraw/Projects/HerbariumStructure/aligned/processed/herbarium"
"78","GA_260302","/work/calicraw/Projects/HerbariumStructure/aligned/processed/herbarium"
"79","GA_42909","/work/calicraw/Projects/HerbariumStructure/aligned/processed/herbarium"
"80","grassc2487",NA
"81","grasspitau",NA
"82","irrigation",NA
"83","LA_1","/work/calicraw/Projects/HerbariumStructure/aligned/processed/herbarium"
"84","LA_2","/work/calicraw/Projects/HerbariumStructure/aligned/processed/herbarium"
"85","LA_3","/work/calicraw/Projects/HerbariumStructure/aligned/processed/herbarium"
"86","ladino",NA
"87","Landshut_1_1","/work/calicraw/Projects/HerbariumMicrobes/Aligned/endogenous/GLUE/processed_bam"
"88","Landshut_1_11","/work/calicraw/Projects/HerbariumMicrobes/Aligned/endogenous/GLUE/processed_bam"
"89","Landshut_1_14","/work/calicraw/Projects/HerbariumMicrobes/Aligned/endogenous/GLUE/processed_bam"
"90","Landshut_1_15","/work/calicraw/Projects/HerbariumMicrobes/Aligned/endogenous/GLUE/processed_bam"
"91","Landshut_1_18","/work/calicraw/Projects/HerbariumMicrobes/Aligned/endogenous/GLUE/processed_bam"
"92","Landshut_1_4","/work/calicraw/Projects/HerbariumMicrobes/Aligned/endogenous/GLUE/processed_bam"
"93","Landshut_1_5","/work/calicraw/Projects/HerbariumMicrobes/Aligned/endogenous/GLUE/processed_bam"
"94","Landshut_1_7","/work/calicraw/Projects/HerbariumMicrobes/Aligned/endogenous/GLUE/processed_bam"
"95","Landshut_1_8","/work/calicraw/Projects/HerbariumMicrobes/Aligned/endogenous/GLUE/processed_bam"
"96","Landshut_1_9","/work/calicraw/Projects/HerbariumMicrobes/Aligned/endogenous/GLUE/processed_bam"
"97","Landshut_2_12","/work/calicraw/Projects/HerbariumMicrobes/Aligned/endogenous/GLUE/processed_bam"
"98","Landshut_2_17","/work/calicraw/Projects/HerbariumMicrobes/Aligned/endogenous/GLUE/processed_bam"
"99","Landshut_2_19","/work/calicraw/Projects/HerbariumMicrobes/Aligned/endogenous/GLUE/processed_bam"
"100","Landshut_2_2","/work/calicraw/Projects/HerbariumMicrobes/Aligned/endogenous/GLUE/processed_bam"
"101","Landshut_2_20","/work/calicraw/Projects/HerbariumMicrobes/Aligned/endogenous/GLUE/processed_bam"
"102","Landshut_2_6","/work/calicraw/Projects/HerbariumMicrobes/Aligned/endogenous/GLUE/processed_bam"
"103","Landshut_2_7","/work/calicraw/Projects/HerbariumMicrobes/Aligned/endogenous/GLUE/processed_bam"
"104","Landshut_2_8","/work/calicraw/Projects/HerbariumMicrobes/Aligned/endogenous/GLUE/processed_bam"
"105","Landshut_3_11","/work/calicraw/Projects/HerbariumMicrobes/Aligned/endogenous/GLUE/processed_bam"
"106","Landshut_3_16","/work/calicraw/Projects/HerbariumMicrobes/Aligned/endogenous/GLUE/processed_bam"
"107","Landshut_3_18","/work/calicraw/Projects/HerbariumMicrobes/Aligned/endogenous/GLUE/processed_bam"
"108","Landshut_3_2","/work/calicraw/Projects/HerbariumMicrobes/Aligned/endogenous/GLUE/processed_bam"
"109","Landshut_3_20","/work/calicraw/Projects/HerbariumMicrobes/Aligned/endogenous/GLUE/processed_bam"
"110","Landshut_3_3","/work/calicraw/Projects/HerbariumMicrobes/Aligned/endogenous/GLUE/processed_bam"
"111","Landshut_3_5","/work/calicraw/Projects/HerbariumMicrobes/Aligned/endogenous/GLUE/processed_bam"
"112","Landshut_3_8","/work/calicraw/Projects/HerbariumMicrobes/Aligned/endogenous/GLUE/processed_bam"
"113","Landshut_4_10","/work/calicraw/Projects/HerbariumMicrobes/Aligned/endogenous/GLUE/processed_bam"
"114","Landshut_4_11","/work/calicraw/Projects/HerbariumMicrobes/Aligned/endogenous/GLUE/processed_bam"
"115","Landshut_4_12","/work/calicraw/Projects/HerbariumMicrobes/Aligned/endogenous/GLUE/processed_bam"
"116","Landshut_4_13","/work/calicraw/Projects/HerbariumMicrobes/Aligned/endogenous/GLUE/processed_bam"
"117","Landshut_4_4","/work/calicraw/Projects/HerbariumMicrobes/Aligned/endogenous/GLUE/processed_bam"
"118","Landshut_4_5","/work/calicraw/Projects/HerbariumMicrobes/Aligned/endogenous/GLUE/processed_bam"
"119","Landshut_4_6","/work/calicraw/Projects/HerbariumMicrobes/Aligned/endogenous/GLUE/processed_bam"
"120","Landshut_4_7","/work/calicraw/Projects/HerbariumMicrobes/Aligned/endogenous/GLUE/processed_bam"
"121","Landshut_4_9","/work/calicraw/Projects/HerbariumMicrobes/Aligned/endogenous/GLUE/processed_bam"
"122","Landshut_47_1","/work/calicraw/Projects/HerbariumMicrobes/Aligned/endogenous/GLUE/processed_bam"
"123","Landshut_47_10","/work/calicraw/Projects/HerbariumMicrobes/Aligned/endogenous/GLUE/processed_bam"
"124","Landshut_47_14","/work/calicraw/Projects/HerbariumMicrobes/Aligned/endogenous/GLUE/processed_bam"
"125","Landshut_47_17","/work/calicraw/Projects/HerbariumMicrobes/Aligned/endogenous/GLUE/processed_bam"
"126","Landshut_47_19","/work/calicraw/Projects/HerbariumMicrobes/Aligned/endogenous/GLUE/processed_bam"
"127","Landshut_47_2","/work/calicraw/Projects/HerbariumMicrobes/Aligned/endogenous/GLUE/processed_bam"
"128","Landshut_47_20","/work/calicraw/Projects/HerbariumMicrobes/Aligned/endogenous/GLUE/processed_bam"
"129","Landshut_47_7","/work/calicraw/Projects/HerbariumMicrobes/Aligned/endogenous/GLUE/processed_bam"
"130","Landshut_48_3","/work/calicraw/Projects/HerbariumMicrobes/Aligned/endogenous/GLUE/processed_bam"
"131","Landshut_48_4","/work/calicraw/Projects/HerbariumMicrobes/Aligned/endogenous/GLUE/processed_bam"
"132","Landshut_48_6","/work/calicraw/Projects/HerbariumMicrobes/Aligned/endogenous/GLUE/processed_bam"
"133","Landshut_48_8","/work/calicraw/Projects/HerbariumMicrobes/Aligned/endogenous/GLUE/processed_bam"
"134","Landshut_48_9","/work/calicraw/Projects/HerbariumMicrobes/Aligned/endogenous/GLUE/processed_bam"
"135","Landshut_49_11","/work/calicraw/Projects/HerbariumMicrobes/Aligned/endogenous/GLUE/processed_bam"
"136","Landshut_49_15","/work/calicraw/Projects/HerbariumMicrobes/Aligned/endogenous/GLUE/processed_bam"
"137","Landshut_49_19","/work/calicraw/Projects/HerbariumMicrobes/Aligned/endogenous/GLUE/processed_bam"
"138","Landshut_49_2","/work/calicraw/Projects/HerbariumMicrobes/Aligned/endogenous/GLUE/processed_bam"
"139","Landshut_49_8","/work/calicraw/Projects/HerbariumMicrobes/Aligned/endogenous/GLUE/processed_bam"
"140","Landshut_5_1","/work/calicraw/Projects/HerbariumMicrobes/Aligned/endogenous/GLUE/processed_bam"
"141","Landshut_5_11","/work/calicraw/Projects/HerbariumMicrobes/Aligned/endogenous/GLUE/processed_bam"
"142","Landshut_5_12","/work/calicraw/Projects/HerbariumMicrobes/Aligned/endogenous/GLUE/processed_bam"
"143","Landshut_5_13","/work/calicraw/Projects/HerbariumMicrobes/Aligned/endogenous/GLUE/processed_bam"
"144","Landshut_5_14","/work/calicraw/Projects/HerbariumMicrobes/Aligned/endogenous/GLUE/processed_bam"
"145","Landshut_5_15","/work/calicraw/Projects/HerbariumMicrobes/Aligned/endogenous/GLUE/processed_bam"
"146","Landshut_5_19","/work/calicraw/Projects/HerbariumMicrobes/Aligned/endogenous/GLUE/processed_bam"
"147","Landshut_5_20","/work/calicraw/Projects/HerbariumMicrobes/Aligned/endogenous/GLUE/processed_bam"
"148","Landshut_5_6","/work/calicraw/Projects/HerbariumMicrobes/Aligned/endogenous/GLUE/processed_bam"
"149","Landshut_5_8","/work/calicraw/Projects/HerbariumMicrobes/Aligned/endogenous/GLUE/processed_bam"
"150","Landshut_50_13","/work/calicraw/Projects/HerbariumMicrobes/Aligned/endogenous/GLUE/processed_bam"
"151","Landshut_50_14","/work/calicraw/Projects/HerbariumMicrobes/Aligned/endogenous/GLUE/processed_bam"
"152","Landshut_50_16","/work/calicraw/Projects/HerbariumMicrobes/Aligned/endogenous/GLUE/processed_bam"
"153","Landshut_50_2","/work/calicraw/Projects/HerbariumMicrobes/Aligned/endogenous/GLUE/processed_bam"
"154","Landshut_50_20","/work/calicraw/Projects/HerbariumMicrobes/Aligned/endogenous/GLUE/processed_bam"
"155","Landshut_50_5","/work/calicraw/Projects/HerbariumMicrobes/Aligned/endogenous/GLUE/processed_bam"
"156","Landshut_50_6","/work/calicraw/Projects/HerbariumMicrobes/Aligned/endogenous/GLUE/processed_bam"
"157","Landshut_50_8","/work/calicraw/Projects/HerbariumMicrobes/Aligned/endogenous/GLUE/processed_bam"
"158","Landshut_50_9","/work/calicraw/Projects/HerbariumMicrobes/Aligned/endogenous/GLUE/processed_bam"
"159","Landshut_51_10","/work/calicraw/Projects/HerbariumMicrobes/Aligned/endogenous/GLUE/processed_bam"
"160","Landshut_51_13","/work/calicraw/Projects/HerbariumMicrobes/Aligned/endogenous/GLUE/processed_bam"
"161","Landshut_51_14","/work/calicraw/Projects/HerbariumMicrobes/Aligned/endogenous/GLUE/processed_bam"
"162","Landshut_51_15","/work/calicraw/Projects/HerbariumMicrobes/Aligned/endogenous/GLUE/processed_bam"
"163","Landshut_51_16","/work/calicraw/Projects/HerbariumMicrobes/Aligned/endogenous/GLUE/processed_bam"
"164","Landshut_51_2","/work/calicraw/Projects/HerbariumMicrobes/Aligned/endogenous/GLUE/processed_bam"
"165","Landshut_51_4","/work/calicraw/Projects/HerbariumMicrobes/Aligned/endogenous/GLUE/processed_bam"
"166","Landshut_51_6","/work/calicraw/Projects/HerbariumMicrobes/Aligned/endogenous/GLUE/processed_bam"
"167","Landshut_51_7","/work/calicraw/Projects/HerbariumMicrobes/Aligned/endogenous/GLUE/processed_bam"
"168","Landshut_51_8","/work/calicraw/Projects/HerbariumMicrobes/Aligned/endogenous/GLUE/processed_bam"
"169","Linkoping_13_3","/work/calicraw/Projects/HerbariumMicrobes/Aligned/endogenous/GLUE/processed_bam"
"170","Linkoping_13_8","/work/calicraw/Projects/HerbariumMicrobes/Aligned/endogenous/GLUE/processed_bam"
"171","Linkoping_15_2","/work/calicraw/Projects/HerbariumMicrobes/Aligned/endogenous/GLUE/processed_bam"
"172","Linkoping_15_4","/work/calicraw/Projects/HerbariumMicrobes/Aligned/endogenous/GLUE/processed_bam"
"173","Linkoping_15_8","/work/calicraw/Projects/HerbariumMicrobes/Aligned/endogenous/GLUE/processed_bam"
"174","Linkoping_16_10","/work/calicraw/Projects/HerbariumMicrobes/Aligned/endogenous/GLUE/processed_bam"
"175","Linkoping_16_2","/work/calicraw/Projects/HerbariumMicrobes/Aligned/endogenous/GLUE/processed_bam"
"176","Linkoping_16_4","/work/calicraw/Projects/HerbariumMicrobes/Aligned/endogenous/GLUE/processed_bam"
"177","Linkoping_16_5","/work/calicraw/Projects/HerbariumMicrobes/Aligned/endogenous/GLUE/processed_bam"
"178","Linkoping_16_6","/work/calicraw/Projects/HerbariumMicrobes/Aligned/endogenous/GLUE/processed_bam"
"179","Linkoping_16_7","/work/calicraw/Projects/HerbariumMicrobes/Aligned/endogenous/GLUE/processed_bam"
"180","Linkoping_25_11","/work/calicraw/Projects/HerbariumMicrobes/Aligned/endogenous/GLUE/processed_bam"
"181","Linkoping_25_2","/work/calicraw/Projects/HerbariumMicrobes/Aligned/endogenous/GLUE/processed_bam"
"182","Linkoping_25_5","/work/calicraw/Projects/HerbariumMicrobes/Aligned/endogenous/GLUE/processed_bam"
"183","Linkoping_25_7","/work/calicraw/Projects/HerbariumMicrobes/Aligned/endogenous/GLUE/processed_bam"
"184","Linkoping_27_10","/work/calicraw/Projects/HerbariumMicrobes/Aligned/endogenous/GLUE/processed_bam"
"185","Linkoping_27_2","/work/calicraw/Projects/HerbariumMicrobes/Aligned/endogenous/GLUE/processed_bam"
"186","Linkoping_27_4","/work/calicraw/Projects/HerbariumMicrobes/Aligned/endogenous/GLUE/processed_bam"
"187","Linkoping_27_6","/work/calicraw/Projects/HerbariumMicrobes/Aligned/endogenous/GLUE/processed_bam"
"188","Linkoping_27_7","/work/calicraw/Projects/HerbariumMicrobes/Aligned/endogenous/GLUE/processed_bam"
"189","Linkoping_27_8","/work/calicraw/Projects/HerbariumMicrobes/Aligned/endogenous/GLUE/processed_bam"
"190","Linkoping_37_1","/work/calicraw/Projects/HerbariumMicrobes/Aligned/endogenous/GLUE/processed_bam"
"191","Linkoping_37_2","/work/calicraw/Projects/HerbariumMicrobes/Aligned/endogenous/GLUE/processed_bam"
"192","Linkoping_37_3","/work/calicraw/Projects/HerbariumMicrobes/Aligned/endogenous/GLUE/processed_bam"
"193","Linkoping_37_8","/work/calicraw/Projects/HerbariumMicrobes/Aligned/endogenous/GLUE/processed_bam"
"194","Linkoping_37_9","/work/calicraw/Projects/HerbariumMicrobes/Aligned/endogenous/GLUE/processed_bam"
"195","Linkoping_38_10","/work/calicraw/Projects/HerbariumMicrobes/Aligned/endogenous/GLUE/processed_bam"
"196","Linkoping_38_6","/work/calicraw/Projects/HerbariumMicrobes/Aligned/endogenous/GLUE/processed_bam"
"197","Linkoping_38_7","/work/calicraw/Projects/HerbariumMicrobes/Aligned/endogenous/GLUE/processed_bam"
"198","Linkoping_38_9","/work/calicraw/Projects/HerbariumMicrobes/Aligned/endogenous/GLUE/processed_bam"
"199","Linkoping_40_1","/work/calicraw/Projects/HerbariumMicrobes/Aligned/endogenous/GLUE/processed_bam"
"200","Linkoping_40_10","/work/calicraw/Projects/HerbariumMicrobes/Aligned/endogenous/GLUE/processed_bam"
"201","Linkoping_40_3","/work/calicraw/Projects/HerbariumMicrobes/Aligned/endogenous/GLUE/processed_bam"
"202","Linkoping_40_5","/work/calicraw/Projects/HerbariumMicrobes/Aligned/endogenous/GLUE/processed_bam"
"203","Linkoping_40_6","/work/calicraw/Projects/HerbariumMicrobes/Aligned/endogenous/GLUE/processed_bam"
"204","Linkoping_5_2","/work/calicraw/Projects/HerbariumMicrobes/Aligned/endogenous/GLUE/processed_bam"
"205","Linkoping_5_4","/work/calicraw/Projects/HerbariumMicrobes/Aligned/endogenous/GLUE/processed_bam"
"206","Linkoping_5_6","/work/calicraw/Projects/HerbariumMicrobes/Aligned/endogenous/GLUE/processed_bam"
"207","Linkoping_5_9","/work/calicraw/Projects/HerbariumMicrobes/Aligned/endogenous/GLUE/processed_bam"
"208","Linkoping_8_2","/work/calicraw/Projects/HerbariumMicrobes/Aligned/endogenous/GLUE/processed_bam"
"209","Linkoping_8_4","/work/calicraw/Projects/HerbariumMicrobes/Aligned/endogenous/GLUE/processed_bam"
"210","Linkoping_8_5","/work/calicraw/Projects/HerbariumMicrobes/Aligned/endogenous/GLUE/processed_bam"
"211","Linkoping_8_7","/work/calicraw/Projects/HerbariumMicrobes/Aligned/endogenous/GLUE/processed_bam"
"212","merit",NA
"213","MO_3179229","/work/calicraw/Projects/HerbariumStructure/aligned/processed/herbarium"
"214","MO_3525612","/work/calicraw/Projects/HerbariumStructure/aligned/processed/herbarium"
"215","MO_3896053","/work/calicraw/Projects/HerbariumStructure/aligned/processed/herbarium"
"216","MO_5439107","/work/calicraw/Projects/HerbariumStructure/aligned/processed/herbarium"
"217","MO_5439112","/work/calicraw/Projects/HerbariumStructure/aligned/processed/herbarium"
"218","MO_5452217","/work/calicraw/Projects/HerbariumStructure/aligned/processed/herbarium"
"219","MO_5457783","/work/calicraw/Projects/HerbariumStructure/aligned/processed/herbarium"
"220","MO_6598648","/work/calicraw/Projects/HerbariumStructure/aligned/processed/herbarium"
"221","MO_6848343","/work/calicraw/Projects/HerbariumStructure/aligned/processed/herbarium"
"222","MU_04957659","/work/calicraw/Projects/HerbariumStructure/aligned/processed/herbarium"
"223","MU_1827771","/work/calicraw/Projects/HerbariumStructure/aligned/processed/herbarium"
"224","MU_1912368","/work/calicraw/Projects/HerbariumStructure/aligned/processed/herbarium"
"225","MU_3859086","/work/calicraw/Projects/HerbariumStructure/aligned/processed/herbarium"
"226","MU_4232901","/work/calicraw/Projects/HerbariumStructure/aligned/processed/herbarium"
"227","MU_985453","/work/calicraw/Projects/HerbariumStructure/aligned/processed/herbarium"
"228","Munich_1_11","/work/calicraw/Projects/HerbariumMicrobes/Aligned/endogenous/GLUE/processed_bam"
"229","Munich_1_13","/work/calicraw/Projects/HerbariumMicrobes/Aligned/endogenous/GLUE/processed_bam"
"230","Munich_1_18","/work/calicraw/Projects/HerbariumMicrobes/Aligned/endogenous/GLUE/processed_bam"
"231","Munich_1_2","/work/calicraw/Projects/HerbariumMicrobes/Aligned/endogenous/GLUE/processed_bam"
"232","Munich_1_20","/work/calicraw/Projects/HerbariumMicrobes/Aligned/endogenous/GLUE/processed_bam"
"233","Munich_1_3","/work/calicraw/Projects/HerbariumMicrobes/Aligned/endogenous/GLUE/processed_bam"
"234","Munich_1_4","/work/calicraw/Projects/HerbariumMicrobes/Aligned/endogenous/GLUE/processed_bam"
"235","Munich_1_5","/work/calicraw/Projects/HerbariumMicrobes/Aligned/endogenous/GLUE/processed_bam"
"236","Munich_1_6","/work/calicraw/Projects/HerbariumMicrobes/Aligned/endogenous/GLUE/processed_bam"
"237","Munich_2_1","/work/calicraw/Projects/HerbariumMicrobes/Aligned/endogenous/GLUE/processed_bam"
"238","Munich_2_10","/work/calicraw/Projects/HerbariumMicrobes/Aligned/endogenous/GLUE/processed_bam"
"239","Munich_2_11","/work/calicraw/Projects/HerbariumMicrobes/Aligned/endogenous/GLUE/processed_bam"
"240","Munich_2_13","/work/calicraw/Projects/HerbariumMicrobes/Aligned/endogenous/GLUE/processed_bam"
"241","Munich_2_15","/work/calicraw/Projects/HerbariumMicrobes/Aligned/endogenous/GLUE/processed_bam"
"242","Munich_2_5","/work/calicraw/Projects/HerbariumMicrobes/Aligned/endogenous/GLUE/processed_bam"
"243","Munich_2_6","/work/calicraw/Projects/HerbariumMicrobes/Aligned/endogenous/GLUE/processed_bam"
"244","Munich_2_7","/work/calicraw/Projects/HerbariumMicrobes/Aligned/endogenous/GLUE/processed_bam"
"245","Munich_2_8","/work/calicraw/Projects/HerbariumMicrobes/Aligned/endogenous/GLUE/processed_bam"
"246","Munich_2_9","/work/calicraw/Projects/HerbariumMicrobes/Aligned/endogenous/GLUE/processed_bam"
"247","Munich_3_14","/work/calicraw/Projects/HerbariumMicrobes/Aligned/endogenous/GLUE/processed_bam"
"248","Munich_3_16","/work/calicraw/Projects/HerbariumMicrobes/Aligned/endogenous/GLUE/processed_bam"
"249","Munich_3_17","/work/calicraw/Projects/HerbariumMicrobes/Aligned/endogenous/GLUE/processed_bam"
"250","Munich_3_19","/work/calicraw/Projects/HerbariumMicrobes/Aligned/endogenous/GLUE/processed_bam"
"251","Munich_3_4","/work/calicraw/Projects/HerbariumMicrobes/Aligned/endogenous/GLUE/processed_bam"
"252","Munich_3_6","/work/calicraw/Projects/HerbariumMicrobes/Aligned/endogenous/GLUE/processed_bam"
"253","Munich_3_7","/work/calicraw/Projects/HerbariumMicrobes/Aligned/endogenous/GLUE/processed_bam"
"254","Munich_3_9","/work/calicraw/Projects/HerbariumMicrobes/Aligned/endogenous/GLUE/processed_bam"
"255","Munich_4_13","/work/calicraw/Projects/HerbariumMicrobes/Aligned/endogenous/GLUE/processed_bam"
"256","Munich_4_15","/work/calicraw/Projects/HerbariumMicrobes/Aligned/endogenous/GLUE/processed_bam"
"257","Munich_4_18","/work/calicraw/Projects/HerbariumMicrobes/Aligned/endogenous/GLUE/processed_bam"
"258","Munich_4_2","/work/calicraw/Projects/HerbariumMicrobes/Aligned/endogenous/GLUE/processed_bam"
"259","Munich_4_20","/work/calicraw/Projects/HerbariumMicrobes/Aligned/endogenous/GLUE/processed_bam"
"260","Munich_4_6","/work/calicraw/Projects/HerbariumMicrobes/Aligned/endogenous/GLUE/processed_bam"
"261","Munich_4_7","/work/calicraw/Projects/HerbariumMicrobes/Aligned/endogenous/GLUE/processed_bam"
"262","Munich_47_1","/work/calicraw/Projects/HerbariumMicrobes/Aligned/endogenous/GLUE/processed_bam"
"263","Munich_47_11","/work/calicraw/Projects/HerbariumMicrobes/Aligned/endogenous/GLUE/processed_bam"
"264","Munich_47_15","/work/calicraw/Projects/HerbariumMicrobes/Aligned/endogenous/GLUE/processed_bam"
"265","Munich_47_16","/work/calicraw/Projects/HerbariumMicrobes/Aligned/endogenous/GLUE/processed_bam"
"266","Munich_47_17","/work/calicraw/Projects/HerbariumMicrobes/Aligned/endogenous/GLUE/processed_bam"
"267","Munich_47_18","/work/calicraw/Projects/HerbariumMicrobes/Aligned/endogenous/GLUE/processed_bam"
"268","Munich_47_20","/work/calicraw/Projects/HerbariumMicrobes/Aligned/endogenous/GLUE/processed_bam"
"269","Munich_47_6","/work/calicraw/Projects/HerbariumMicrobes/Aligned/endogenous/GLUE/processed_bam"
"270","Munich_47_8","/work/calicraw/Projects/HerbariumMicrobes/Aligned/endogenous/GLUE/processed_bam"
"271","Munich_48_12","/work/calicraw/Projects/HerbariumMicrobes/Aligned/endogenous/GLUE/processed_bam"
"272","Munich_48_13","/work/calicraw/Projects/HerbariumMicrobes/Aligned/endogenous/GLUE/processed_bam"
"273","Munich_48_15","/work/calicraw/Projects/HerbariumMicrobes/Aligned/endogenous/GLUE/processed_bam"
"274","Munich_48_18","/work/calicraw/Projects/HerbariumMicrobes/Aligned/endogenous/GLUE/processed_bam"
"275","Munich_48_19","/work/calicraw/Projects/HerbariumMicrobes/Aligned/endogenous/GLUE/processed_bam"
"276","Munich_48_4","/work/calicraw/Projects/HerbariumMicrobes/Aligned/endogenous/GLUE/processed_bam"
"277","Munich_48_7","/work/calicraw/Projects/HerbariumMicrobes/Aligned/endogenous/GLUE/processed_bam"
"278","Munich_48_8","/work/calicraw/Projects/HerbariumMicrobes/Aligned/endogenous/GLUE/processed_bam"
"279","Munich_49_1","/work/calicraw/Projects/HerbariumMicrobes/Aligned/endogenous/GLUE/processed_bam"
"280","Munich_49_10","/work/calicraw/Projects/HerbariumMicrobes/Aligned/endogenous/GLUE/processed_bam"
"281","Munich_49_12","/work/calicraw/Projects/HerbariumMicrobes/Aligned/endogenous/GLUE/processed_bam"
"282","Munich_49_17","/work/calicraw/Projects/HerbariumMicrobes/Aligned/endogenous/GLUE/processed_bam"
"283","Munich_49_19","/work/calicraw/Projects/HerbariumMicrobes/Aligned/endogenous/GLUE/processed_bam"
"284","Munich_49_20","/work/calicraw/Projects/HerbariumMicrobes/Aligned/endogenous/GLUE/processed_bam"
"285","Munich_49_4","/work/calicraw/Projects/HerbariumMicrobes/Aligned/endogenous/GLUE/processed_bam"
"286","Munich_49_8","/work/calicraw/Projects/HerbariumMicrobes/Aligned/endogenous/GLUE/processed_bam"
"287","Munich_5_1","/work/calicraw/Projects/HerbariumMicrobes/Aligned/endogenous/GLUE/processed_bam"
"288","Munich_5_10","/work/calicraw/Projects/HerbariumMicrobes/Aligned/endogenous/GLUE/processed_bam"
"289","Munich_5_11","/work/calicraw/Projects/HerbariumMicrobes/Aligned/endogenous/GLUE/processed_bam"
"290","Munich_5_12","/work/calicraw/Projects/HerbariumMicrobes/Aligned/endogenous/GLUE/processed_bam"
"291","Munich_5_13","/work/calicraw/Projects/HerbariumMicrobes/Aligned/endogenous/GLUE/processed_bam"
"292","Munich_5_16","/work/calicraw/Projects/HerbariumMicrobes/Aligned/endogenous/GLUE/processed_bam"
"293","Munich_5_18","/work/calicraw/Projects/HerbariumMicrobes/Aligned/endogenous/GLUE/processed_bam"
"294","Munich_50_1","/work/calicraw/Projects/HerbariumMicrobes/Aligned/endogenous/GLUE/processed_bam"
"295","Munich_50_13","/work/calicraw/Projects/HerbariumMicrobes/Aligned/endogenous/GLUE/processed_bam"
"296","Munich_50_14","/work/calicraw/Projects/HerbariumMicrobes/Aligned/endogenous/GLUE/processed_bam"
"297","Munich_50_15","/work/calicraw/Projects/HerbariumMicrobes/Aligned/endogenous/GLUE/processed_bam"
"298","Munich_50_16","/work/calicraw/Projects/HerbariumMicrobes/Aligned/endogenous/GLUE/processed_bam"
"299","Munich_50_17","/work/calicraw/Projects/HerbariumMicrobes/Aligned/endogenous/GLUE/processed_bam"
"300","Munich_50_3","/work/calicraw/Projects/HerbariumMicrobes/Aligned/endogenous/GLUE/processed_bam"
"301","Munich_50_4","/work/calicraw/Projects/HerbariumMicrobes/Aligned/endogenous/GLUE/processed_bam"
"302","Munich_50_7","/work/calicraw/Projects/HerbariumMicrobes/Aligned/endogenous/GLUE/processed_bam"
"303","Munich_51_10","/work/calicraw/Projects/HerbariumMicrobes/Aligned/endogenous/GLUE/processed_bam"
"304","Munich_51_13","/work/calicraw/Projects/HerbariumMicrobes/Aligned/endogenous/GLUE/processed_bam"
"305","Munich_51_15","/work/calicraw/Projects/HerbariumMicrobes/Aligned/endogenous/GLUE/processed_bam"
"306","Munich_51_16","/work/calicraw/Projects/HerbariumMicrobes/Aligned/endogenous/GLUE/processed_bam"
"307","Munich_51_6","/work/calicraw/Projects/HerbariumMicrobes/Aligned/endogenous/GLUE/processed_bam"
"308","Munich_51_8","/work/calicraw/Projects/HerbariumMicrobes/Aligned/endogenous/GLUE/processed_bam"
"309","Munich_51_9","/work/calicraw/Projects/HerbariumMicrobes/Aligned/endogenous/GLUE/processed_bam"
"310","Munster_1_7","/work/calicraw/Projects/HerbariumMicrobes/Aligned/endogenous/GLUE/processed_bam"
"311","Munster_2_2","/work/calicraw/Projects/HerbariumMicrobes/Aligned/endogenous/GLUE/processed_bam"
"312","Munster_3_6","/work/calicraw/Projects/HerbariumMicrobes/Aligned/endogenous/GLUE/processed_bam"
"313","Munster_37_10","/work/calicraw/Projects/HerbariumMicrobes/Aligned/endogenous/GLUE/processed_bam"
"314","Munster_39_5","/work/calicraw/Projects/HerbariumMicrobes/Aligned/endogenous/GLUE/processed_bam"
"315","Munster_40_6","/work/calicraw/Projects/HerbariumMicrobes/Aligned/endogenous/GLUE/processed_bam"
"316","NLU_6875802","/work/calicraw/Projects/HerbariumStructure/aligned/processed/herbarium"
"317","osceola",NA
"318","Paris_11_10","/work/calicraw/Projects/HerbariumMicrobes/Aligned/endogenous/GLUE/processed_bam"
"319","Paris_11_12","/work/calicraw/Projects/HerbariumMicrobes/Aligned/endogenous/GLUE/processed_bam"
"320","Paris_11_14","/work/calicraw/Projects/HerbariumMicrobes/Aligned/endogenous/GLUE/processed_bam"
"321","Paris_11_6","/work/calicraw/Projects/HerbariumMicrobes/Aligned/endogenous/GLUE/processed_bam"
"322","Paris_11_7","/work/calicraw/Projects/HerbariumMicrobes/Aligned/endogenous/GLUE/processed_bam"
"323","Paris_11_8","/work/calicraw/Projects/HerbariumMicrobes/Aligned/endogenous/GLUE/processed_bam"
"324","Paris_11_9","/work/calicraw/Projects/HerbariumMicrobes/Aligned/endogenous/GLUE/processed_bam"
"325","Paris_13_13","/work/calicraw/Projects/HerbariumMicrobes/Aligned/endogenous/GLUE/processed_bam"
"326","Paris_15_11","/work/calicraw/Projects/HerbariumMicrobes/Aligned/endogenous/GLUE/processed_bam"
"327","Paris_15_12","/work/calicraw/Projects/HerbariumMicrobes/Aligned/endogenous/GLUE/processed_bam"
"328","Paris_15_13","/work/calicraw/Projects/HerbariumMicrobes/Aligned/endogenous/GLUE/processed_bam"
"329","Paris_15_3","/work/calicraw/Projects/HerbariumMicrobes/Aligned/endogenous/GLUE/processed_bam"
"330","Paris_15_5","/work/calicraw/Projects/HerbariumMicrobes/Aligned/endogenous/GLUE/processed_bam"
"331","Paris_15_8","/work/calicraw/Projects/HerbariumMicrobes/Aligned/endogenous/GLUE/processed_bam"
"332","Paris_15_9","/work/calicraw/Projects/HerbariumMicrobes/Aligned/endogenous/GLUE/processed_bam"
"333","Paris_2_2","/work/calicraw/Projects/HerbariumMicrobes/Aligned/endogenous/GLUE/processed_bam"
"334","Paris_2_9","/work/calicraw/Projects/HerbariumMicrobes/Aligned/endogenous/GLUE/processed_bam"
"335","Paris_23_19","/work/calicraw/Projects/HerbariumMicrobes/Aligned/endogenous/GLUE/processed_bam"
"336","Paris_25_13","/work/calicraw/Projects/HerbariumMicrobes/Aligned/endogenous/GLUE/processed_bam"
"337","Paris_25_2","/work/calicraw/Projects/HerbariumMicrobes/Aligned/endogenous/GLUE/processed_bam"
"338","Paris_3_3","/work/calicraw/Projects/HerbariumMicrobes/Aligned/endogenous/GLUE/processed_bam"
"339","Paris_39_1","/work/calicraw/Projects/HerbariumMicrobes/Aligned/endogenous/GLUE/processed_bam"
"340","Paris_39_15","/work/calicraw/Projects/HerbariumMicrobes/Aligned/endogenous/GLUE/processed_bam"
"341","Paris_39_19","/work/calicraw/Projects/HerbariumMicrobes/Aligned/endogenous/GLUE/processed_bam"
"342","Paris_39_2","/work/calicraw/Projects/HerbariumMicrobes/Aligned/endogenous/GLUE/processed_bam"
"343","Paris_39_5","/work/calicraw/Projects/HerbariumMicrobes/Aligned/endogenous/GLUE/processed_bam"
"344","Paris_6_1","/work/calicraw/Projects/HerbariumMicrobes/Aligned/endogenous/GLUE/processed_bam"
"345","Paris_6_4","/work/calicraw/Projects/HerbariumMicrobes/Aligned/endogenous/GLUE/processed_bam"
"346","Paris_8_10","/work/calicraw/Projects/HerbariumMicrobes/Aligned/endogenous/GLUE/processed_bam"
"347","Paris_8_8","/work/calicraw/Projects/HerbariumMicrobes/Aligned/endogenous/GLUE/processed_bam"
"348","patriot",NA
"349","pilgrim",NA
"350","renovation",NA
"351","Stockholm_1_6","/work/calicraw/Projects/HerbariumMicrobes/Aligned/endogenous/GLUE/processed_bam"
"352","Stockholm_4_18","/work/calicraw/Projects/HerbariumMicrobes/Aligned/endogenous/GLUE/processed_bam"
"353","Stockholm_42_6","/work/calicraw/Projects/HerbariumMicrobes/Aligned/endogenous/GLUE/processed_bam"
"354","Stockholm_43_12","/work/calicraw/Projects/HerbariumMicrobes/Aligned/endogenous/GLUE/processed_bam"
"355","Stockholm_44_17","/work/calicraw/Projects/HerbariumMicrobes/Aligned/endogenous/GLUE/processed_bam"
"356","Stockholm_5_4","/work/calicraw/Projects/HerbariumMicrobes/Aligned/endogenous/GLUE/processed_bam"
"357","Thessa_1_1","/work/calicraw/Projects/HerbariumMicrobes/Aligned/endogenous/GLUE/processed_bam"
"358","Thessa_1_10","/work/calicraw/Projects/HerbariumMicrobes/Aligned/endogenous/GLUE/processed_bam"
"359","Thessa_1_11","/work/calicraw/Projects/HerbariumMicrobes/Aligned/endogenous/GLUE/processed_bam"
"360","Thessa_1_14","/work/calicraw/Projects/HerbariumMicrobes/Aligned/endogenous/GLUE/processed_bam"
"361","Thessa_1_15","/work/calicraw/Projects/HerbariumMicrobes/Aligned/endogenous/GLUE/processed_bam"
"362","Thessa_1_16","/work/calicraw/Projects/HerbariumMicrobes/Aligned/endogenous/GLUE/processed_bam"
"363","Thessa_1_17","/work/calicraw/Projects/HerbariumMicrobes/Aligned/endogenous/GLUE/processed_bam"
"364","Thessa_1_2","/work/calicraw/Projects/HerbariumMicrobes/Aligned/endogenous/GLUE/processed_bam"
"365","Thessa_1_3","/work/calicraw/Projects/HerbariumMicrobes/Aligned/endogenous/GLUE/processed_bam"
"366","Thessa_1_6","/work/calicraw/Projects/HerbariumMicrobes/Aligned/endogenous/GLUE/processed_bam"
"367","Thessa_2_1","/work/calicraw/Projects/HerbariumMicrobes/Aligned/endogenous/GLUE/processed_bam"
"368","Thessa_2_14","/work/calicraw/Projects/HerbariumMicrobes/Aligned/endogenous/GLUE/processed_bam"
"369","Thessa_2_16","/work/calicraw/Projects/HerbariumMicrobes/Aligned/endogenous/GLUE/processed_bam"
"370","Thessa_2_17","/work/calicraw/Projects/HerbariumMicrobes/Aligned/endogenous/GLUE/processed_bam"
"371","Thessa_2_19","/work/calicraw/Projects/HerbariumMicrobes/Aligned/endogenous/GLUE/processed_bam"
"372","Thessa_2_4","/work/calicraw/Projects/HerbariumMicrobes/Aligned/endogenous/GLUE/processed_bam"
"373","Thessa_2_6","/work/calicraw/Projects/HerbariumMicrobes/Aligned/endogenous/GLUE/processed_bam"
"374","Thessa_2_7","/work/calicraw/Projects/HerbariumMicrobes/Aligned/endogenous/GLUE/processed_bam"
"375","Thessa_2_9","/work/calicraw/Projects/HerbariumMicrobes/Aligned/endogenous/GLUE/processed_bam"
"376","Thessa_3_12","/work/calicraw/Projects/HerbariumMicrobes/Aligned/endogenous/GLUE/processed_bam"
"377","Thessa_3_13","/work/calicraw/Projects/HerbariumMicrobes/Aligned/endogenous/GLUE/processed_bam"
"378","Thessa_3_18","/work/calicraw/Projects/HerbariumMicrobes/Aligned/endogenous/GLUE/processed_bam"
"379","Thessa_3_19","/work/calicraw/Projects/HerbariumMicrobes/Aligned/endogenous/GLUE/processed_bam"
"380","Thessa_3_3","/work/calicraw/Projects/HerbariumMicrobes/Aligned/endogenous/GLUE/processed_bam"
"381","Thessa_3_8","/work/calicraw/Projects/HerbariumMicrobes/Aligned/endogenous/GLUE/processed_bam"
"382","Thessa_3_9","/work/calicraw/Projects/HerbariumMicrobes/Aligned/endogenous/GLUE/processed_bam"
"383","Thessa_4_13","/work/calicraw/Projects/HerbariumMicrobes/Aligned/endogenous/GLUE/processed_bam"
"384","Thessa_4_15","/work/calicraw/Projects/HerbariumMicrobes/Aligned/endogenous/GLUE/processed_bam"
"385","Thessa_4_17","/work/calicraw/Projects/HerbariumMicrobes/Aligned/endogenous/GLUE/processed_bam"
"386","Thessa_4_18","/work/calicraw/Projects/HerbariumMicrobes/Aligned/endogenous/GLUE/processed_bam"
"387","Thessa_4_19","/work/calicraw/Projects/HerbariumMicrobes/Aligned/endogenous/GLUE/processed_bam"
"388","Thessa_4_2","/work/calicraw/Projects/HerbariumMicrobes/Aligned/endogenous/GLUE/processed_bam"
"389","Thessa_4_4","/work/calicraw/Projects/HerbariumMicrobes/Aligned/endogenous/GLUE/processed_bam"
"390","Thessa_4_6","/work/calicraw/Projects/HerbariumMicrobes/Aligned/endogenous/GLUE/processed_bam"
"391","Thessa_4_8","/work/calicraw/Projects/HerbariumMicrobes/Aligned/endogenous/GLUE/processed_bam"
"392","Thessa_4_9","/work/calicraw/Projects/HerbariumMicrobes/Aligned/endogenous/GLUE/processed_bam"
"393","Thessa_42_10","/work/calicraw/Projects/HerbariumMicrobes/Aligned/endogenous/GLUE/processed_bam"
"394","Thessa_42_13","/work/calicraw/Projects/HerbariumMicrobes/Aligned/endogenous/GLUE/processed_bam"
"395","Thessa_42_16","/work/calicraw/Projects/HerbariumMicrobes/Aligned/endogenous/GLUE/processed_bam"
"396","Thessa_42_17","/work/calicraw/Projects/HerbariumMicrobes/Aligned/endogenous/GLUE/processed_bam"
"397","Thessa_42_18","/work/calicraw/Projects/HerbariumMicrobes/Aligned/endogenous/GLUE/processed_bam"
"398","Thessa_42_19","/work/calicraw/Projects/HerbariumMicrobes/Aligned/endogenous/GLUE/processed_bam"
"399","Thessa_42_2","/work/calicraw/Projects/HerbariumMicrobes/Aligned/endogenous/GLUE/processed_bam"
"400","Thessa_42_20","/work/calicraw/Projects/HerbariumMicrobes/Aligned/endogenous/GLUE/processed_bam"
"401","Thessa_42_4","/work/calicraw/Projects/HerbariumMicrobes/Aligned/endogenous/GLUE/processed_bam"
"402","Thessa_42_8","/work/calicraw/Projects/HerbariumMicrobes/Aligned/endogenous/GLUE/processed_bam"
"403","Thessa_43_10","/work/calicraw/Projects/HerbariumMicrobes/Aligned/endogenous/GLUE/processed_bam"
"404","Thessa_43_13","/work/calicraw/Projects/HerbariumMicrobes/Aligned/endogenous/GLUE/processed_bam"
"405","Thessa_43_15","/work/calicraw/Projects/HerbariumMicrobes/Aligned/endogenous/GLUE/processed_bam"
"406","Thessa_43_3","/work/calicraw/Projects/HerbariumMicrobes/Aligned/endogenous/GLUE/processed_bam"
"407","Thessa_43_4","/work/calicraw/Projects/HerbariumMicrobes/Aligned/endogenous/GLUE/processed_bam"
"408","Thessa_43_5","/work/calicraw/Projects/HerbariumMicrobes/Aligned/endogenous/GLUE/processed_bam"
"409","Thessa_43_6","/work/calicraw/Projects/HerbariumMicrobes/Aligned/endogenous/GLUE/processed_bam"
"410","Thessa_43_8","/work/calicraw/Projects/HerbariumMicrobes/Aligned/endogenous/GLUE/processed_bam"
"411","Thessa_44_1","/work/calicraw/Projects/HerbariumMicrobes/Aligned/endogenous/GLUE/processed_bam"
"412","Thessa_44_10","/work/calicraw/Projects/HerbariumMicrobes/Aligned/endogenous/GLUE/processed_bam"
"413","Thessa_44_13","/work/calicraw/Projects/HerbariumMicrobes/Aligned/endogenous/GLUE/processed_bam"
"414","Thessa_44_14","/work/calicraw/Projects/HerbariumMicrobes/Aligned/endogenous/GLUE/processed_bam"
"415","Thessa_44_17","/work/calicraw/Projects/HerbariumMicrobes/Aligned/endogenous/GLUE/processed_bam"
"416","Thessa_44_19","/work/calicraw/Projects/HerbariumMicrobes/Aligned/endogenous/GLUE/processed_bam"
"417","Thessa_44_2","/work/calicraw/Projects/HerbariumMicrobes/Aligned/endogenous/GLUE/processed_bam"
"418","Thessa_44_5","/work/calicraw/Projects/HerbariumMicrobes/Aligned/endogenous/GLUE/processed_bam"
"419","Thessa_44_7","/work/calicraw/Projects/HerbariumMicrobes/Aligned/endogenous/GLUE/processed_bam"
"420","Thessa_45_10","/work/calicraw/Projects/HerbariumMicrobes/Aligned/endogenous/GLUE/processed_bam"
"421","Thessa_45_13","/work/calicraw/Projects/HerbariumMicrobes/Aligned/endogenous/GLUE/processed_bam"
"422","Thessa_45_15","/work/calicraw/Projects/HerbariumMicrobes/Aligned/endogenous/GLUE/processed_bam"
"423","Thessa_45_17","/work/calicraw/Projects/HerbariumMicrobes/Aligned/endogenous/GLUE/processed_bam"
"424","Thessa_45_18","/work/calicraw/Projects/HerbariumMicrobes/Aligned/endogenous/GLUE/processed_bam"
"425","Thessa_45_2","/work/calicraw/Projects/HerbariumMicrobes/Aligned/endogenous/GLUE/processed_bam"
"426","Thessa_45_3","/work/calicraw/Projects/HerbariumMicrobes/Aligned/endogenous/GLUE/processed_bam"
"427","Thessa_45_5","/work/calicraw/Projects/HerbariumMicrobes/Aligned/endogenous/GLUE/processed_bam"
"428","Thessa_45_7","/work/calicraw/Projects/HerbariumMicrobes/Aligned/endogenous/GLUE/processed_bam"
"429","Thessa_46_10","/work/calicraw/Projects/HerbariumMicrobes/Aligned/endogenous/GLUE/processed_bam"
"430","Thessa_46_12","/work/calicraw/Projects/HerbariumMicrobes/Aligned/endogenous/GLUE/processed_bam"
"431","Thessa_46_13","/work/calicraw/Projects/HerbariumMicrobes/Aligned/endogenous/GLUE/processed_bam"
"432","Thessa_46_15","/work/calicraw/Projects/HerbariumMicrobes/Aligned/endogenous/GLUE/processed_bam"
"433","Thessa_46_17","/work/calicraw/Projects/HerbariumMicrobes/Aligned/endogenous/GLUE/processed_bam"
"434","Thessa_46_18","/work/calicraw/Projects/HerbariumMicrobes/Aligned/endogenous/GLUE/processed_bam"
"435","Thessa_46_2","/work/calicraw/Projects/HerbariumMicrobes/Aligned/endogenous/GLUE/processed_bam"
"436","Thessa_46_20","/work/calicraw/Projects/HerbariumMicrobes/Aligned/endogenous/GLUE/processed_bam"
"437","Thessa_46_4","/work/calicraw/Projects/HerbariumMicrobes/Aligned/endogenous/GLUE/processed_bam"
"438","Thessa_46_5","/work/calicraw/Projects/HerbariumMicrobes/Aligned/endogenous/GLUE/processed_bam"
"439","Thessa_5_12","/work/calicraw/Projects/HerbariumMicrobes/Aligned/endogenous/GLUE/processed_bam"
"440","Thessa_5_13","/work/calicraw/Projects/HerbariumMicrobes/Aligned/endogenous/GLUE/processed_bam"
"441","Thessa_5_14","/work/calicraw/Projects/HerbariumMicrobes/Aligned/endogenous/GLUE/processed_bam"
"442","Thessa_5_15","/work/calicraw/Projects/HerbariumMicrobes/Aligned/endogenous/GLUE/processed_bam"
"443","Thessa_5_2","/work/calicraw/Projects/HerbariumMicrobes/Aligned/endogenous/GLUE/processed_bam"
"444","Thessa_5_5","/work/calicraw/Projects/HerbariumMicrobes/Aligned/endogenous/GLUE/processed_bam"
"445","Thessa_5_6","/work/calicraw/Projects/HerbariumMicrobes/Aligned/endogenous/GLUE/processed_bam"
"446","Thessa_5_7","/work/calicraw/Projects/HerbariumMicrobes/Aligned/endogenous/GLUE/processed_bam"
"447","TRH4_1","/work/calicraw/Projects/HerbariumStructure/aligned/processed/herbarium"
"448","TRH4_10","/work/calicraw/Projects/HerbariumStructure/aligned/processed/herbarium"
"449","TRH4_11","/work/calicraw/Projects/HerbariumStructure/aligned/processed/herbarium"
"450","TRH4_12","/work/calicraw/Projects/HerbariumStructure/aligned/processed/herbarium"
"451","TRH4_13","/work/calicraw/Projects/HerbariumStructure/aligned/processed/herbarium"
"452","TRH4_14","/work/calicraw/Projects/HerbariumStructure/aligned/processed/herbarium"
"453","TRH4_15","/work/calicraw/Projects/HerbariumStructure/aligned/processed/herbarium"
"454","TRH4_16","/work/calicraw/Projects/HerbariumStructure/aligned/processed/herbarium"
"455","TRH4_17","/work/calicraw/Projects/HerbariumStructure/aligned/processed/herbarium"
"456","TRH4_18","/work/calicraw/Projects/HerbariumStructure/aligned/processed/herbarium"
"457","TRH4_19","/work/calicraw/Projects/HerbariumStructure/aligned/processed/herbarium"
"458","TRH4_20","/work/calicraw/Projects/HerbariumStructure/aligned/processed/herbarium"
"459","TRH4_22","/work/calicraw/Projects/HerbariumStructure/aligned/processed/herbarium"
"460","TRH4_23","/work/calicraw/Projects/HerbariumStructure/aligned/processed/herbarium"
"461","TRH4_24","/work/calicraw/Projects/HerbariumStructure/aligned/processed/herbarium"
"462","TRH4_25","/work/calicraw/Projects/HerbariumStructure/aligned/processed/herbarium"
"463","TRH4_26","/work/calicraw/Projects/HerbariumStructure/aligned/processed/herbarium"
"464","TRH4_27","/work/calicraw/Projects/HerbariumStructure/aligned/processed/herbarium"
"465","TRH4_28","/work/calicraw/Projects/HerbariumStructure/aligned/processed/herbarium"
"466","TRH4_29","/work/calicraw/Projects/HerbariumStructure/aligned/processed/herbarium"
"467","TRH4_3","/work/calicraw/Projects/HerbariumStructure/aligned/processed/herbarium"
"468","TRH4_30","/work/calicraw/Projects/HerbariumStructure/aligned/processed/herbarium"
"469","TRH4_31","/work/calicraw/Projects/HerbariumStructure/aligned/processed/herbarium"
"470","TRH4_32","/work/calicraw/Projects/HerbariumStructure/aligned/processed/herbarium"
"471","TRH4_33","/work/calicraw/Projects/HerbariumStructure/aligned/processed/herbarium"
"472","TRH4_34","/work/calicraw/Projects/HerbariumStructure/aligned/processed/herbarium"
"473","TRH4_35","/work/calicraw/Projects/HerbariumStructure/aligned/processed/herbarium"
"474","TRH4_36","/work/calicraw/Projects/HerbariumStructure/aligned/processed/herbarium"
"475","TRH4_37","/work/calicraw/Projects/HerbariumStructure/aligned/processed/herbarium"
"476","TRH4_38","/work/calicraw/Projects/HerbariumStructure/aligned/processed/herbarium"
"477","TRH4_39","/work/calicraw/Projects/HerbariumStructure/aligned/processed/herbarium"
"478","TRH4_4","/work/calicraw/Projects/HerbariumStructure/aligned/processed/herbarium"
"479","TRH4_40","/work/calicraw/Projects/HerbariumStructure/aligned/processed/herbarium"
"480","TRH4_42","/work/calicraw/Projects/HerbariumStructure/aligned/processed/herbarium"
"481","TRH4_43","/work/calicraw/Projects/HerbariumStructure/aligned/processed/herbarium"
"482","TRH4_44","/work/calicraw/Projects/HerbariumStructure/aligned/processed/herbarium"
"483","TRH4_45","/work/calicraw/Projects/HerbariumStructure/aligned/processed/herbarium"
"484","TRH4_47","/work/calicraw/Projects/HerbariumStructure/aligned/processed/herbarium"
"485","TRH4_48","/work/calicraw/Projects/HerbariumStructure/aligned/processed/herbarium"
"486","TRH4_5","/work/calicraw/Projects/HerbariumStructure/aligned/processed/herbarium"
"487","TRH4_50","/work/calicraw/Projects/HerbariumStructure/aligned/processed/herbarium"
"488","TRH4_51","/work/calicraw/Projects/HerbariumStructure/aligned/processed/herbarium"
"489","TRH4_54","/work/calicraw/Projects/HerbariumStructure/aligned/processed/herbarium"
"490","TRH4_55","/work/calicraw/Projects/HerbariumStructure/aligned/processed/herbarium"
"491","TRH4_56","/work/calicraw/Projects/HerbariumStructure/aligned/processed/herbarium"
"492","TRH4_57","/work/calicraw/Projects/HerbariumStructure/aligned/processed/herbarium"
"493","TRH4_58","/work/calicraw/Projects/HerbariumStructure/aligned/processed/herbarium"
"494","TRH4_59","/work/calicraw/Projects/HerbariumStructure/aligned/processed/herbarium"
"495","TRH4_60","/work/calicraw/Projects/HerbariumStructure/aligned/processed/herbarium"
"496","TRH4_62","/work/calicraw/Projects/HerbariumStructure/aligned/processed/herbarium"
"497","TRH4_63","/work/calicraw/Projects/HerbariumStructure/aligned/processed/herbarium"
"498","TRH4_64","/work/calicraw/Projects/HerbariumStructure/aligned/processed/herbarium"
"499","TRH4_65","/work/calicraw/Projects/HerbariumStructure/aligned/processed/herbarium"
"500","TRH4_66","/work/calicraw/Projects/HerbariumStructure/aligned/processed/herbarium"
"501","TRH4_67","/work/calicraw/Projects/HerbariumStructure/aligned/processed/herbarium"
"502","TRH4_69","/work/calicraw/Projects/HerbariumStructure/aligned/processed/herbarium"
"503","TRH4_7","/work/calicraw/Projects/HerbariumStructure/aligned/processed/herbarium"
"504","TRH4_70","/work/calicraw/Projects/HerbariumStructure/aligned/processed/herbarium"
"505","TRH4_71","/work/calicraw/Projects/HerbariumStructure/aligned/processed/herbarium"
"506","TRH4_72","/work/calicraw/Projects/HerbariumStructure/aligned/processed/herbarium"
"507","TRH4_73","/work/calicraw/Projects/HerbariumStructure/aligned/processed/herbarium"
"508","TRH4_74","/work/calicraw/Projects/HerbariumStructure/aligned/processed/herbarium"
"509","TRH4_75","/work/calicraw/Projects/HerbariumStructure/aligned/processed/herbarium"
"510","TRH4_76","/work/calicraw/Projects/HerbariumStructure/aligned/processed/herbarium"
"511","TRH4_77","/work/calicraw/Projects/HerbariumStructure/aligned/processed/herbarium"
"512","TRH4_78","/work/calicraw/Projects/HerbariumStructure/aligned/processed/herbarium"
"513","TRH4_79","/work/calicraw/Projects/HerbariumStructure/aligned/processed/herbarium"
"514","TRH4_8","/work/calicraw/Projects/HerbariumStructure/aligned/processed/herbarium"
"515","TRH4_80","/work/calicraw/Projects/HerbariumStructure/aligned/processed/herbarium"
"516","TRH4_81","/work/calicraw/Projects/HerbariumStructure/aligned/processed/herbarium"
"517","TRH4_82","/work/calicraw/Projects/HerbariumStructure/aligned/processed/herbarium"
"518","TRH4_83","/work/calicraw/Projects/HerbariumStructure/aligned/processed/herbarium"
"519","TRH4_84","/work/calicraw/Projects/HerbariumStructure/aligned/processed/herbarium"
"520","TRH4_9","/work/calicraw/Projects/HerbariumStructure/aligned/processed/herbarium"
"521","TRHS100","/work/calicraw/Projects/HerbariumStructure/aligned/processed/herbarium"
"522","TRHS101","/work/calicraw/Projects/HerbariumStructure/aligned/processed/herbarium"
"523","TRHS102","/work/calicraw/Projects/HerbariumStructure/aligned/processed/herbarium"
"524","TRHS103","/work/calicraw/Projects/HerbariumStructure/aligned/processed/herbarium"
"525","TRHS104","/work/calicraw/Projects/HerbariumStructure/aligned/processed/herbarium"
"526","TRHS105","/work/calicraw/Projects/HerbariumStructure/aligned/processed/herbarium"
"527","TRHS106","/work/calicraw/Projects/HerbariumStructure/aligned/processed/herbarium"
"528","TRHS107","/work/calicraw/Projects/HerbariumStructure/aligned/processed/herbarium"
"529","TRHS109","/work/calicraw/Projects/HerbariumStructure/aligned/processed/herbarium"
"530","TRHS110","/work/calicraw/Projects/HerbariumStructure/aligned/processed/herbarium"
"531","TRHS111","/work/calicraw/Projects/HerbariumStructure/aligned/processed/herbarium"
"532","TRHS112","/work/calicraw/Projects/HerbariumStructure/aligned/processed/herbarium"
"533","TRHS113","/work/calicraw/Projects/HerbariumStructure/aligned/processed/herbarium"
"534","TRHS114","/work/calicraw/Projects/HerbariumStructure/aligned/processed/herbarium"
"535","TRHS115","/work/calicraw/Projects/HerbariumStructure/aligned/processed/herbarium"
"536","TRHS116","/work/calicraw/Projects/HerbariumStructure/aligned/processed/herbarium"
"537","TRHS117","/work/calicraw/Projects/HerbariumStructure/aligned/processed/herbarium"
"538","TRHS118","/work/calicraw/Projects/HerbariumStructure/aligned/processed/herbarium"
"539","TRHS119","/work/calicraw/Projects/HerbariumStructure/aligned/processed/herbarium"
"540","TRHS120","/work/calicraw/Projects/HerbariumStructure/aligned/processed/herbarium"
"541","TRHS121","/work/calicraw/Projects/HerbariumStructure/aligned/processed/herbarium"
"542","TRHS122","/work/calicraw/Projects/HerbariumStructure/aligned/processed/herbarium"
"543","TRHS123","/work/calicraw/Projects/HerbariumStructure/aligned/processed/herbarium"
"544","TRHS124","/work/calicraw/Projects/HerbariumStructure/aligned/processed/herbarium"
"545","TRHS126","/work/calicraw/Projects/HerbariumStructure/aligned/processed/herbarium"
"546","TRHS127","/work/calicraw/Projects/HerbariumStructure/aligned/processed/herbarium"
"547","TRHS128","/work/calicraw/Projects/HerbariumStructure/aligned/processed/herbarium"
"548","TRHS129","/work/calicraw/Projects/HerbariumStructure/aligned/processed/herbarium"
"549","TRHS130","/work/calicraw/Projects/HerbariumStructure/aligned/processed/herbarium"
"550","TRHS131","/work/calicraw/Projects/HerbariumStructure/aligned/processed/herbarium"
"551","TRHS132","/work/calicraw/Projects/HerbariumStructure/aligned/processed/herbarium"
"552","TRHS133","/work/calicraw/Projects/HerbariumStructure/aligned/processed/herbarium"
"553","TRHS134","/work/calicraw/Projects/HerbariumStructure/aligned/processed/herbarium"
"554","TRHS135","/work/calicraw/Projects/HerbariumStructure/aligned/processed/herbarium"
"555","TRHS136","/work/calicraw/Projects/HerbariumStructure/aligned/processed/herbarium"
"556","TRHS137","/work/calicraw/Projects/HerbariumStructure/aligned/processed/herbarium"
"557","TRHS138","/work/calicraw/Projects/HerbariumStructure/aligned/processed/herbarium"
"558","TRHS139","/work/calicraw/Projects/HerbariumStructure/aligned/processed/herbarium"
"559","TRHS140","/work/calicraw/Projects/HerbariumStructure/aligned/processed/herbarium"
"560","TRHS141","/work/calicraw/Projects/HerbariumStructure/aligned/processed/herbarium"
"561","TRHS142","/work/calicraw/Projects/HerbariumStructure/aligned/processed/herbarium"
"562","TRHS143","/work/calicraw/Projects/HerbariumStructure/aligned/processed/herbarium"
"563","TRHS144","/work/calicraw/Projects/HerbariumStructure/aligned/processed/herbarium"
"564","TRHS145","/work/calicraw/Projects/HerbariumStructure/aligned/processed/herbarium"
"565","TRHS146","/work/calicraw/Projects/HerbariumStructure/aligned/processed/herbarium"
"566","TRHS147","/work/calicraw/Projects/HerbariumStructure/aligned/processed/herbarium"
"567","TRHS148","/work/calicraw/Projects/HerbariumStructure/aligned/processed/herbarium"
"568","TRHS149","/work/calicraw/Projects/HerbariumStructure/aligned/processed/herbarium"
"569","TRHS150","/work/calicraw/Projects/HerbariumStructure/aligned/processed/herbarium"
"570","TRHS151","/work/calicraw/Projects/HerbariumStructure/aligned/processed/herbarium"
"571","TRHS152","/work/calicraw/Projects/HerbariumStructure/aligned/processed/herbarium"
"572","TRHS153","/work/calicraw/Projects/HerbariumStructure/aligned/processed/herbarium"
"573","TRHS154","/work/calicraw/Projects/HerbariumStructure/aligned/processed/herbarium"
"574","TRHS156","/work/calicraw/Projects/HerbariumStructure/aligned/processed/herbarium"
"575","TRHS158","/work/calicraw/Projects/HerbariumStructure/aligned/processed/herbarium"
"576","TRHS159","/work/calicraw/Projects/HerbariumStructure/aligned/processed/herbarium"
"577","TRHS160","/work/calicraw/Projects/HerbariumStructure/aligned/processed/herbarium"
"578","TRHS161","/work/calicraw/Projects/HerbariumStructure/aligned/processed/herbarium"
"579","TRHS162","/work/calicraw/Projects/HerbariumStructure/aligned/processed/herbarium"
"580","TRHS163","/work/calicraw/Projects/HerbariumStructure/aligned/processed/herbarium"
"581","TRHS165","/work/calicraw/Projects/HerbariumStructure/aligned/processed/herbarium"
"582","TRHS166","/work/calicraw/Projects/HerbariumStructure/aligned/processed/herbarium"
"583","TRHS167","/work/calicraw/Projects/HerbariumStructure/aligned/processed/herbarium"
"584","TRHS168","/work/calicraw/Projects/HerbariumStructure/aligned/processed/herbarium"
"585","TRHS171","/work/calicraw/Projects/HerbariumStructure/aligned/processed/herbarium"
"586","TRHS172","/work/calicraw/Projects/HerbariumStructure/aligned/processed/herbarium"
"587","TRHS173","/work/calicraw/Projects/HerbariumStructure/aligned/processed/herbarium"
"588","TRHS174","/work/calicraw/Projects/HerbariumStructure/aligned/processed/herbarium"
"589","TRHS175","/work/calicraw/Projects/HerbariumStructure/aligned/processed/herbarium"
"590","TRHS176","/work/calicraw/Projects/HerbariumStructure/aligned/processed/herbarium"
"591","TRHS177","/work/calicraw/Projects/HerbariumStructure/aligned/processed/herbarium"
"592","TRHS178","/work/calicraw/Projects/HerbariumStructure/aligned/processed/herbarium"
"593","TRHS179","/work/calicraw/Projects/HerbariumStructure/aligned/processed/herbarium"
"594","TRHS180","/work/calicraw/Projects/HerbariumStructure/aligned/processed/herbarium"
"595","TRHS181","/work/calicraw/Projects/HerbariumStructure/aligned/processed/herbarium"
"596","TRHS182","/work/calicraw/Projects/HerbariumStructure/aligned/processed/herbarium"
"597","TRHS183","/work/calicraw/Projects/HerbariumStructure/aligned/processed/herbarium"
"598","TRHS184","/work/calicraw/Projects/HerbariumStructure/aligned/processed/herbarium"
"599","TRHS185","/work/calicraw/Projects/HerbariumStructure/aligned/processed/herbarium"
"600","TRHS186","/work/calicraw/Projects/HerbariumStructure/aligned/processed/herbarium"
"601","TRHS187","/work/calicraw/Projects/HerbariumStructure/aligned/processed/herbarium"
"602","TRHS188","/work/calicraw/Projects/HerbariumStructure/aligned/processed/herbarium"
"603","TRHS189","/work/calicraw/Projects/HerbariumStructure/aligned/processed/herbarium"
"604","TRHS190","/work/calicraw/Projects/HerbariumStructure/aligned/processed/herbarium"
"605","TRHS191","/work/calicraw/Projects/HerbariumStructure/aligned/processed/herbarium"
"606","TRHS192","/work/calicraw/Projects/HerbariumStructure/aligned/processed/herbarium"
"607","TRHS193","/work/calicraw/Projects/HerbariumStructure/aligned/processed/herbarium"
"608","TRHS194","/work/calicraw/Projects/HerbariumStructure/aligned/processed/herbarium"
"609","TRHS195","/work/calicraw/Projects/HerbariumStructure/aligned/processed/herbarium"
"610","TRHS196","/work/calicraw/Projects/HerbariumStructure/aligned/processed/herbarium"
"611","TRHS197","/work/calicraw/Projects/HerbariumStructure/aligned/processed/herbarium"
"612","TRHS198","/work/calicraw/Projects/HerbariumStructure/aligned/processed/herbarium"
"613","TRHS199","/work/calicraw/Projects/HerbariumStructure/aligned/processed/herbarium"
"614","TRHS200","/work/calicraw/Projects/HerbariumStructure/aligned/processed/herbarium"
"615","TRHS201","/work/calicraw/Projects/HerbariumStructure/aligned/processed/herbarium"
"616","TRHS202","/work/calicraw/Projects/HerbariumStructure/aligned/processed/herbarium"
"617","TRHS203","/work/calicraw/Projects/HerbariumStructure/aligned/processed/herbarium"
"618","TRHS204","/work/calicraw/Projects/HerbariumStructure/aligned/processed/herbarium"
"619","TRHS205","/work/calicraw/Projects/HerbariumStructure/aligned/processed/herbarium"
"620","TRHS206","/work/calicraw/Projects/HerbariumStructure/aligned/processed/herbarium"
"621","TRHS207","/work/calicraw/Projects/HerbariumStructure/aligned/processed/herbarium"
"622","TRHS208","/work/calicraw/Projects/HerbariumStructure/aligned/processed/herbarium"
"623","TRHS209","/work/calicraw/Projects/HerbariumStructure/aligned/processed/herbarium"
"624","TRHS210","/work/calicraw/Projects/HerbariumStructure/aligned/processed/herbarium"
"625","TRHS211","/work/calicraw/Projects/HerbariumStructure/aligned/processed/herbarium"
"626","TRHS212","/work/calicraw/Projects/HerbariumStructure/aligned/processed/herbarium"
"627","TRHS213","/work/calicraw/Projects/HerbariumStructure/aligned/processed/herbarium"
"628","TRHS214","/work/calicraw/Projects/HerbariumStructure/aligned/processed/herbarium"
"629","TRHS215","/work/calicraw/Projects/HerbariumStructure/aligned/processed/herbarium"
"630","TRHS216","/work/calicraw/Projects/HerbariumStructure/aligned/processed/herbarium"
"631","TRHS217","/work/calicraw/Projects/HerbariumStructure/aligned/processed/herbarium"
"632","TRHS219","/work/calicraw/Projects/HerbariumStructure/aligned/processed/herbarium"
"633","TRHS220","/work/calicraw/Projects/HerbariumStructure/aligned/processed/herbarium"
"634","TRHS221","/work/calicraw/Projects/HerbariumStructure/aligned/processed/herbarium"
"635","TRHS222","/work/calicraw/Projects/HerbariumStructure/aligned/processed/herbarium"
"636","TRHS223","/work/calicraw/Projects/HerbariumStructure/aligned/processed/herbarium"
"637","TRHS224","/work/calicraw/Projects/HerbariumStructure/aligned/processed/herbarium"
"638","TRHS225","/work/calicraw/Projects/HerbariumStructure/aligned/processed/herbarium"
"639","TRHS226","/work/calicraw/Projects/HerbariumStructure/aligned/processed/herbarium"
"640","TRHS228","/work/calicraw/Projects/HerbariumStructure/aligned/processed/herbarium"
"641","TRHS229","/work/calicraw/Projects/HerbariumStructure/aligned/processed/herbarium"
"642","TRHS231","/work/calicraw/Projects/HerbariumStructure/aligned/processed/herbarium"
"643","TRHS232","/work/calicraw/Projects/HerbariumStructure/aligned/processed/herbarium"
"644","TRHS233","/work/calicraw/Projects/HerbariumStructure/aligned/processed/herbarium"
"645","TRHS234","/work/calicraw/Projects/HerbariumStructure/aligned/processed/herbarium"
"646","TRHS235","/work/calicraw/Projects/HerbariumStructure/aligned/processed/herbarium"
"647","TRHS236","/work/calicraw/Projects/HerbariumStructure/aligned/processed/herbarium"
"648","TRHS237","/work/calicraw/Projects/HerbariumStructure/aligned/processed/herbarium"
"649","TRHS238","/work/calicraw/Projects/HerbariumStructure/aligned/processed/herbarium"
"650","TRHS239","/work/calicraw/Projects/HerbariumStructure/aligned/processed/herbarium"
"651","TRHS240","/work/calicraw/Projects/HerbariumStructure/aligned/processed/herbarium"
"652","TRHS241","/work/calicraw/Projects/HerbariumStructure/aligned/processed/herbarium"
"653","TRHS242","/work/calicraw/Projects/HerbariumStructure/aligned/processed/herbarium"
"654","TRHS243","/work/calicraw/Projects/HerbariumStructure/aligned/processed/herbarium"
"655","TRHS244","/work/calicraw/Projects/HerbariumStructure/aligned/processed/herbarium"
"656","TRHS245","/work/calicraw/Projects/HerbariumStructure/aligned/processed/herbarium"
"657","TRHS246","/work/calicraw/Projects/HerbariumStructure/aligned/processed/herbarium"
"658","TRHS247","/work/calicraw/Projects/HerbariumStructure/aligned/processed/herbarium"
"659","TRHS248","/work/calicraw/Projects/HerbariumStructure/aligned/processed/herbarium"
"660","TRHS249","/work/calicraw/Projects/HerbariumStructure/aligned/processed/herbarium"
"661","TRHS250","/work/calicraw/Projects/HerbariumStructure/aligned/processed/herbarium"
"662","TRHS251","/work/calicraw/Projects/HerbariumStructure/aligned/processed/herbarium"
"663","TRHS252","/work/calicraw/Projects/HerbariumStructure/aligned/processed/herbarium"
"664","TRHS254","/work/calicraw/Projects/HerbariumStructure/aligned/processed/herbarium"
"665","TRHS255","/work/calicraw/Projects/HerbariumStructure/aligned/processed/herbarium"
"666","TRHS256","/work/calicraw/Projects/HerbariumStructure/aligned/processed/herbarium"
"667","TRHS257","/work/calicraw/Projects/HerbariumStructure/aligned/processed/herbarium"
"668","TRHS259","/work/calicraw/Projects/HerbariumStructure/aligned/processed/herbarium"
"669","TRHS260","/work/calicraw/Projects/HerbariumStructure/aligned/processed/herbarium"
"670","TRHS261","/work/calicraw/Projects/HerbariumStructure/aligned/processed/herbarium"
"671","TRHS262","/work/calicraw/Projects/HerbariumStructure/aligned/processed/herbarium"
"672","TRHS263","/work/calicraw/Projects/HerbariumStructure/aligned/processed/herbarium"
"673","TRHS264","/work/calicraw/Projects/HerbariumStructure/aligned/processed/herbarium"
"674","TRHS265","/work/calicraw/Projects/HerbariumStructure/aligned/processed/herbarium"
"675","TRHS266","/work/calicraw/Projects/HerbariumStructure/aligned/processed/herbarium"
"676","TRHS267","/work/calicraw/Projects/HerbariumStructure/aligned/processed/herbarium"
"677","TRHS268","/work/calicraw/Projects/HerbariumStructure/aligned/processed/herbarium"
"678","TRHS269","/work/calicraw/Projects/HerbariumStructure/aligned/processed/herbarium"
"679","TRHS270","/work/calicraw/Projects/HerbariumStructure/aligned/processed/herbarium"
"680","TRHS271","/work/calicraw/Projects/HerbariumStructure/aligned/processed/herbarium"
"681","TRHS272","/work/calicraw/Projects/HerbariumStructure/aligned/processed/herbarium"
"682","TRHS273","/work/calicraw/Projects/HerbariumStructure/aligned/processed/herbarium"
"683","TRHS274","/work/calicraw/Projects/HerbariumStructure/aligned/processed/herbarium"
"684","TRHS275","/work/calicraw/Projects/HerbariumStructure/aligned/processed/herbarium"
"685","TRHS276","/work/calicraw/Projects/HerbariumStructure/aligned/processed/herbarium"
"686","TRHS277","/work/calicraw/Projects/HerbariumStructure/aligned/processed/herbarium"
"687","TRHS278","/work/calicraw/Projects/HerbariumStructure/aligned/processed/herbarium"
"688","TRHS280","/work/calicraw/Projects/HerbariumStructure/aligned/processed/herbarium"
"689","TRHS281","/work/calicraw/Projects/HerbariumStructure/aligned/processed/herbarium"
"690","TRHS283","/work/calicraw/Projects/HerbariumStructure/aligned/processed/herbarium"
"691","TRHS284","/work/calicraw/Projects/HerbariumStructure/aligned/processed/herbarium"
"692","TRHS285","/work/calicraw/Projects/HerbariumStructure/aligned/processed/herbarium"
"693","TRHS286","/work/calicraw/Projects/HerbariumStructure/aligned/processed/herbarium"
"694","TRHS287","/work/calicraw/Projects/HerbariumStructure/aligned/processed/herbarium"
"695","TRHS289","/work/calicraw/Projects/HerbariumStructure/aligned/processed/herbarium"
"696","TRHS290","/work/calicraw/Projects/HerbariumStructure/aligned/processed/herbarium"
"697","TRHS291","/work/calicraw/Projects/HerbariumStructure/aligned/processed/herbarium"
"698","TRHS292","/work/calicraw/Projects/HerbariumStructure/aligned/processed/herbarium"
"699","TRHS293","/work/calicraw/Projects/HerbariumStructure/aligned/processed/herbarium"
"700","TRHS294","/work/calicraw/Projects/HerbariumStructure/aligned/processed/herbarium"
"701","TRHS297","/work/calicraw/Projects/HerbariumStructure/aligned/processed/herbarium"
"702","TRHS298","/work/calicraw/Projects/HerbariumStructure/aligned/processed/herbarium"
"703","TRHS299","/work/calicraw/Projects/HerbariumStructure/aligned/processed/herbarium"
"704","TRHS300","/work/calicraw/Projects/HerbariumStructure/aligned/processed/herbarium"
"705","TRHS301","/work/calicraw/Projects/HerbariumStructure/aligned/processed/herbarium"
"706","TRHS302","/work/calicraw/Projects/HerbariumStructure/aligned/processed/herbarium"
"707","TRHS303","/work/calicraw/Projects/HerbariumStructure/aligned/processed/herbarium"
"708","TRHS304","/work/calicraw/Projects/HerbariumStructure/aligned/processed/herbarium"
"709","TRHS306","/work/calicraw/Projects/HerbariumStructure/aligned/processed/herbarium"
"710","TRHS307","/work/calicraw/Projects/HerbariumStructure/aligned/processed/herbarium"
"711","TRHS309","/work/calicraw/Projects/HerbariumStructure/aligned/processed/herbarium"
"712","TRHS310","/work/calicraw/Projects/HerbariumStructure/aligned/processed/herbarium"
"713","TRHS312","/work/calicraw/Projects/HerbariumStructure/aligned/processed/herbarium"
"714","TRHS313","/work/calicraw/Projects/HerbariumStructure/aligned/processed/herbarium"
"715","TRHS314","/work/calicraw/Projects/HerbariumStructure/aligned/processed/herbarium"
"716","TRHS316","/work/calicraw/Projects/HerbariumStructure/aligned/processed/herbarium"
"717","TRHS317","/work/calicraw/Projects/HerbariumStructure/aligned/processed/herbarium"
"718","TRHS318","/work/calicraw/Projects/HerbariumStructure/aligned/processed/herbarium"
"719","TRHS321","/work/calicraw/Projects/HerbariumStructure/aligned/processed/herbarium"
"720","TRHS322","/work/calicraw/Projects/HerbariumStructure/aligned/processed/herbarium"
"721","TRHS323","/work/calicraw/Projects/HerbariumStructure/aligned/processed/herbarium"
"722","TRHS324","/work/calicraw/Projects/HerbariumStructure/aligned/processed/herbarium"
"723","TRHS325","/work/calicraw/Projects/HerbariumStructure/aligned/processed/herbarium"
"724","TRHS326","/work/calicraw/Projects/HerbariumStructure/aligned/processed/herbarium"
"725","TRHS327","/work/calicraw/Projects/HerbariumStructure/aligned/processed/herbarium"
"726","TRHS328","/work/calicraw/Projects/HerbariumStructure/aligned/processed/herbarium"
"727","TRHS329","/work/calicraw/Projects/HerbariumStructure/aligned/processed/herbarium"
"728","TRHS331","/work/calicraw/Projects/HerbariumStructure/aligned/processed/herbarium"
"729","TRHS332","/work/calicraw/Projects/HerbariumStructure/aligned/processed/herbarium"
"730","TRHS334","/work/calicraw/Projects/HerbariumStructure/aligned/processed/herbarium"
"731","TRHS335","/work/calicraw/Projects/HerbariumStructure/aligned/processed/herbarium"
"732","TRHS337","/work/calicraw/Projects/HerbariumStructure/aligned/processed/herbarium"
"733","TRHS338","/work/calicraw/Projects/HerbariumStructure/aligned/processed/herbarium"
"734","TRHS339","/work/calicraw/Projects/HerbariumStructure/aligned/processed/herbarium"
"735","TRHS340","/work/calicraw/Projects/HerbariumStructure/aligned/processed/herbarium"
"736","TRHS341","/work/calicraw/Projects/HerbariumStructure/aligned/processed/herbarium"
"737","TRHS342","/work/calicraw/Projects/HerbariumStructure/aligned/processed/herbarium"
"738","TRHS343","/work/calicraw/Projects/HerbariumStructure/aligned/processed/herbarium"
"739","TRHS344","/work/calicraw/Projects/HerbariumStructure/aligned/processed/herbarium"
"740","TRHS345","/work/calicraw/Projects/HerbariumStructure/aligned/processed/herbarium"
"741","TRHS346","/work/calicraw/Projects/HerbariumStructure/aligned/processed/herbarium"
"742","TRHS347","/work/calicraw/Projects/HerbariumStructure/aligned/processed/herbarium"
"743","TRHS348","/work/calicraw/Projects/HerbariumStructure/aligned/processed/herbarium"
"744","TRHS349","/work/calicraw/Projects/HerbariumStructure/aligned/processed/herbarium"
"745","TRHS350","/work/calicraw/Projects/HerbariumStructure/aligned/processed/herbarium"
"746","TRHS351","/work/calicraw/Projects/HerbariumStructure/aligned/processed/herbarium"
"747","TRHS352","/work/calicraw/Projects/HerbariumStructure/aligned/processed/herbarium"
"748","TRHS353","/work/calicraw/Projects/HerbariumStructure/aligned/processed/herbarium"
"749","TRHS354","/work/calicraw/Projects/HerbariumStructure/aligned/processed/herbarium"
"750","TRHS355","/work/calicraw/Projects/HerbariumStructure/aligned/processed/herbarium"
"751","TRHS356","/work/calicraw/Projects/HerbariumStructure/aligned/processed/herbarium"
"752","TRHS357","/work/calicraw/Projects/HerbariumStructure/aligned/processed/herbarium"
"753","TRHS358","/work/calicraw/Projects/HerbariumStructure/aligned/processed/herbarium"
"754","TRHS359","/work/calicraw/Projects/HerbariumStructure/aligned/processed/herbarium"
"755","TRHS360","/work/calicraw/Projects/HerbariumStructure/aligned/processed/herbarium"
"756","TRHS361","/work/calicraw/Projects/HerbariumStructure/aligned/processed/herbarium"
"757","TRHS362","/work/calicraw/Projects/HerbariumStructure/aligned/processed/herbarium"
"758","TRHS363","/work/calicraw/Projects/HerbariumStructure/aligned/processed/herbarium"
"759","TRHS364","/work/calicraw/Projects/HerbariumStructure/aligned/processed/herbarium"
"760","TRHS366","/work/calicraw/Projects/HerbariumStructure/aligned/processed/herbarium"
"761","TRHS367","/work/calicraw/Projects/HerbariumStructure/aligned/processed/herbarium"
"762","TRHS368","/work/calicraw/Projects/HerbariumStructure/aligned/processed/herbarium"
"763","TRHS369","/work/calicraw/Projects/HerbariumStructure/aligned/processed/herbarium"
"764","TRHS371","/work/calicraw/Projects/HerbariumStructure/aligned/processed/herbarium"
"765","TRHS372","/work/calicraw/Projects/HerbariumStructure/aligned/processed/herbarium"
"766","TRHS373","/work/calicraw/Projects/HerbariumStructure/aligned/processed/herbarium"
"767","TRHS374","/work/calicraw/Projects/HerbariumStructure/aligned/processed/herbarium"
"768","TRHS375","/work/calicraw/Projects/HerbariumStructure/aligned/processed/herbarium"
"769","TRHS376","/work/calicraw/Projects/HerbariumStructure/aligned/processed/herbarium"
"770","TRHS377","/work/calicraw/Projects/HerbariumStructure/aligned/processed/herbarium"
"771","TRHS378","/work/calicraw/Projects/HerbariumStructure/aligned/processed/herbarium"
"772","TRHS379","/work/calicraw/Projects/HerbariumStructure/aligned/processed/herbarium"
"773","TRHS380","/work/calicraw/Projects/HerbariumStructure/aligned/processed/herbarium"
"774","TRHS381","/work/calicraw/Projects/HerbariumStructure/aligned/processed/herbarium"
"775","TRHS382","/work/calicraw/Projects/HerbariumStructure/aligned/processed/herbarium"
"776","TRHS383","/work/calicraw/Projects/HerbariumStructure/aligned/processed/herbarium"
"777","TRHS385","/work/calicraw/Projects/HerbariumStructure/aligned/processed/herbarium"
"778","TRHS386","/work/calicraw/Projects/HerbariumStructure/aligned/processed/herbarium"
"779","TRHS387","/work/calicraw/Projects/HerbariumStructure/aligned/processed/herbarium"
"780","TRHS388","/work/calicraw/Projects/HerbariumStructure/aligned/processed/herbarium"
"781","TRHS389","/work/calicraw/Projects/HerbariumStructure/aligned/processed/herbarium"
"782","TRHS390","/work/calicraw/Projects/HerbariumStructure/aligned/processed/herbarium"
"783","TRHS391","/work/calicraw/Projects/HerbariumStructure/aligned/processed/herbarium"
"784","TRHS392","/work/calicraw/Projects/HerbariumStructure/aligned/processed/herbarium"
"785","TRHS393","/work/calicraw/Projects/HerbariumStructure/aligned/processed/herbarium"
"786","TRHS394","/work/calicraw/Projects/HerbariumStructure/aligned/processed/herbarium"
"787","TRHS395","/work/calicraw/Projects/HerbariumStructure/aligned/processed/herbarium"
"788","TRHS396","/work/calicraw/Projects/HerbariumStructure/aligned/processed/herbarium"
"789","TRHS397","/work/calicraw/Projects/HerbariumStructure/aligned/processed/herbarium"
"790","TRHS398","/work/calicraw/Projects/HerbariumStructure/aligned/processed/herbarium"
"791","TRHS399","/work/calicraw/Projects/HerbariumStructure/aligned/processed/herbarium"
"792","TRHS400","/work/calicraw/Projects/HerbariumStructure/aligned/processed/herbarium"
"793","TRHS401","/work/calicraw/Projects/HerbariumStructure/aligned/processed/herbarium"
"794","TRHS402","/work/calicraw/Projects/HerbariumStructure/aligned/processed/herbarium"
"795","TRHS403","/work/calicraw/Projects/HerbariumStructure/aligned/processed/herbarium"
"796","TRHS404","/work/calicraw/Projects/HerbariumStructure/aligned/processed/herbarium"
"797","TRHS405","/work/calicraw/Projects/HerbariumStructure/aligned/processed/herbarium"
"798","TRHS406","/work/calicraw/Projects/HerbariumStructure/aligned/processed/herbarium"
"799","TRHS407","/work/calicraw/Projects/HerbariumStructure/aligned/processed/herbarium"
"800","TRHS408","/work/calicraw/Projects/HerbariumStructure/aligned/processed/herbarium"
"801","TRHS409","/work/calicraw/Projects/HerbariumStructure/aligned/processed/herbarium"
"802","TRHS410","/work/calicraw/Projects/HerbariumStructure/aligned/processed/herbarium"
"803","TRHS411","/work/calicraw/Projects/HerbariumStructure/aligned/processed/herbarium"
"804","TRHS412","/work/calicraw/Projects/HerbariumStructure/aligned/processed/herbarium"
"805","TRHS413","/work/calicraw/Projects/HerbariumStructure/aligned/processed/herbarium"
"806","TRHS414","/work/calicraw/Projects/HerbariumStructure/aligned/processed/herbarium"
"807","TRHS415","/work/calicraw/Projects/HerbariumStructure/aligned/processed/herbarium"
"808","TRHS416","/work/calicraw/Projects/HerbariumStructure/aligned/processed/herbarium"
"809","TRHS417","/work/calicraw/Projects/HerbariumStructure/aligned/processed/herbarium"
"810","TRHS418","/work/calicraw/Projects/HerbariumStructure/aligned/processed/herbarium"
"811","TRHS419","/work/calicraw/Projects/HerbariumStructure/aligned/processed/herbarium"
"812","TRHS420","/work/calicraw/Projects/HerbariumStructure/aligned/processed/herbarium"
"813","TRHS421","/work/calicraw/Projects/HerbariumStructure/aligned/processed/herbarium"
"814","TRHS422","/work/calicraw/Projects/HerbariumStructure/aligned/processed/herbarium"
"815","TRHS423","/work/calicraw/Projects/HerbariumStructure/aligned/processed/herbarium"
"816","TRHS424","/work/calicraw/Projects/HerbariumStructure/aligned/processed/herbarium"
"817","TRHS425","/work/calicraw/Projects/HerbariumStructure/aligned/processed/herbarium"
"818","TRHS426","/work/calicraw/Projects/HerbariumStructure/aligned/processed/herbarium"
"819","TRHS427","/work/calicraw/Projects/HerbariumStructure/aligned/processed/herbarium"
"820","TRHS428","/work/calicraw/Projects/HerbariumStructure/aligned/processed/herbarium"
"821","TRHS429","/work/calicraw/Projects/HerbariumStructure/aligned/processed/herbarium"
"822","TRHS430","/work/calicraw/Projects/HerbariumStructure/aligned/processed/herbarium"
"823","TRHS431","/work/calicraw/Projects/HerbariumStructure/aligned/processed/herbarium"
"824","TRHS432","/work/calicraw/Projects/HerbariumStructure/aligned/processed/herbarium"
"825","TRHS50","/work/calicraw/Projects/HerbariumStructure/aligned/processed/herbarium"
"826","TRHS51","/work/calicraw/Projects/HerbariumStructure/aligned/processed/herbarium"
"827","TRHS52","/work/calicraw/Projects/HerbariumStructure/aligned/processed/herbarium"
"828","TRHS53","/work/calicraw/Projects/HerbariumStructure/aligned/processed/herbarium"
"829","TRHS54","/work/calicraw/Projects/HerbariumStructure/aligned/processed/herbarium"
"830","TRHS55","/work/calicraw/Projects/HerbariumStructure/aligned/processed/herbarium"
"831","TRHS56","/work/calicraw/Projects/HerbariumStructure/aligned/processed/herbarium"
"832","TRHS57","/work/calicraw/Projects/HerbariumStructure/aligned/processed/herbarium"
"833","TRHS58","/work/calicraw/Projects/HerbariumStructure/aligned/processed/herbarium"
"834","TRHS59","/work/calicraw/Projects/HerbariumStructure/aligned/processed/herbarium"
"835","TRHS60","/work/calicraw/Projects/HerbariumStructure/aligned/processed/herbarium"
"836","TRHS61","/work/calicraw/Projects/HerbariumStructure/aligned/processed/herbarium"
"837","TRHS63","/work/calicraw/Projects/HerbariumStructure/aligned/processed/herbarium"
"838","TRHS64","/work/calicraw/Projects/HerbariumStructure/aligned/processed/herbarium"
"839","TRHS65","/work/calicraw/Projects/HerbariumStructure/aligned/processed/herbarium"
"840","TRHS66","/work/calicraw/Projects/HerbariumStructure/aligned/processed/herbarium"
"841","TRHS67","/work/calicraw/Projects/HerbariumStructure/aligned/processed/herbarium"
"842","TRHS68","/work/calicraw/Projects/HerbariumStructure/aligned/processed/herbarium"
"843","TRHS69","/work/calicraw/Projects/HerbariumStructure/aligned/processed/herbarium"
"844","TRHS70","/work/calicraw/Projects/HerbariumStructure/aligned/processed/herbarium"
"845","TRHS71","/work/calicraw/Projects/HerbariumStructure/aligned/processed/herbarium"
"846","TRHS72","/work/calicraw/Projects/HerbariumStructure/aligned/processed/herbarium"
"847","TRHS73","/work/calicraw/Projects/HerbariumStructure/aligned/processed/herbarium"
"848","TRHS74","/work/calicraw/Projects/HerbariumStructure/aligned/processed/herbarium"
"849","TRHS75","/work/calicraw/Projects/HerbariumStructure/aligned/processed/herbarium"
"850","TRHS76","/work/calicraw/Projects/HerbariumStructure/aligned/processed/herbarium"
"851","TRHS77","/work/calicraw/Projects/HerbariumStructure/aligned/processed/herbarium"
"852","TRHS78","/work/calicraw/Projects/HerbariumStructure/aligned/processed/herbarium"
"853","TRHS79","/work/calicraw/Projects/HerbariumStructure/aligned/processed/herbarium"
"854","TRHS80","/work/calicraw/Projects/HerbariumStructure/aligned/processed/herbarium"
"855","TRHS81","/work/calicraw/Projects/HerbariumStructure/aligned/processed/herbarium"
"856","TRHS82","/work/calicraw/Projects/HerbariumStructure/aligned/processed/herbarium"
"857","TRHS83","/work/calicraw/Projects/HerbariumStructure/aligned/processed/herbarium"
"858","TRHS84","/work/calicraw/Projects/HerbariumStructure/aligned/processed/herbarium"
"859","TRHS85","/work/calicraw/Projects/HerbariumStructure/aligned/processed/herbarium"
"860","TRHS86","/work/calicraw/Projects/HerbariumStructure/aligned/processed/herbarium"
"861","TRHS87","/work/calicraw/Projects/HerbariumStructure/aligned/processed/herbarium"
"862","TRHS88","/work/calicraw/Projects/HerbariumStructure/aligned/processed/herbarium"
"863","TRHS89","/work/calicraw/Projects/HerbariumStructure/aligned/processed/herbarium"
"864","TRHS90","/work/calicraw/Projects/HerbariumStructure/aligned/processed/herbarium"
"865","TRHS91","/work/calicraw/Projects/HerbariumStructure/aligned/processed/herbarium"
"866","TRHS92","/work/calicraw/Projects/HerbariumStructure/aligned/processed/herbarium"
"867","TRHS93","/work/calicraw/Projects/HerbariumStructure/aligned/processed/herbarium"
"868","TRHS94","/work/calicraw/Projects/HerbariumStructure/aligned/processed/herbarium"
"869","TRHS95","/work/calicraw/Projects/HerbariumStructure/aligned/processed/herbarium"
"870","TRHS96","/work/calicraw/Projects/HerbariumStructure/aligned/processed/herbarium"
"871","TRHS97","/work/calicraw/Projects/HerbariumStructure/aligned/processed/herbarium"
"872","TRHS98","/work/calicraw/Projects/HerbariumStructure/aligned/processed/herbarium"
"873","TRHS99","/work/calicraw/Projects/HerbariumStructure/aligned/processed/herbarium"
"874","TRTGTO_56_3","/work/calicraw/Projects/HerbariumStructure/aligned/processed/spain"
"875","TRTGTO_56_4","/work/calicraw/Projects/HerbariumStructure/aligned/processed/spain"
"876","TRTGTO_56_5","/work/calicraw/Projects/HerbariumStructure/aligned/processed/spain"
"877","TRTGTO_57_2","/work/calicraw/Projects/HerbariumStructure/aligned/processed/spain"
"878","TRTGTO_57_3","/work/calicraw/Projects/HerbariumStructure/aligned/processed/spain"
"879","TRTGTO_57_4","/work/calicraw/Projects/HerbariumStructure/aligned/processed/spain"
"880","TRTGTO_57_5","/work/calicraw/Projects/HerbariumStructure/aligned/processed/spain"
"881","TRTGTO_58_2","/work/calicraw/Projects/HerbariumStructure/aligned/processed/spain"
"882","TRTGTO_58_5","/work/calicraw/Projects/HerbariumStructure/aligned/processed/spain"
"883","TRTGTO_59_1","/work/calicraw/Projects/HerbariumStructure/aligned/processed/spain"
"884","TRTGTO_59_2","/work/calicraw/Projects/HerbariumStructure/aligned/processed/spain"
"885","TRTGTO_59_3","/work/calicraw/Projects/HerbariumStructure/aligned/processed/spain"
"886","TRTGTO_59_5","/work/calicraw/Projects/HerbariumStructure/aligned/processed/spain"
"887","TRTGTO_61_1","/work/calicraw/Projects/HerbariumStructure/aligned/processed/spain"
"888","TRTGTO_61_4","/work/calicraw/Projects/HerbariumStructure/aligned/processed/spain"
"889","TRTGTO_62_1","/work/calicraw/Projects/HerbariumStructure/aligned/processed/spain"
"890","TRTGTO_62_3","/work/calicraw/Projects/HerbariumStructure/aligned/processed/spain"
"891","TRTGTO_62_4","/work/calicraw/Projects/HerbariumStructure/aligned/processed/spain"
"892","TRTGTO_62_5","/work/calicraw/Projects/HerbariumStructure/aligned/processed/spain"
"893","USMS_000010705","/work/calicraw/Projects/HerbariumStructure/aligned/processed/herbarium"
"894","USMS_000010708","/work/calicraw/Projects/HerbariumStructure/aligned/processed/herbarium"
"895","USMS_000018022","/work/calicraw/Projects/HerbariumStructure/aligned/processed/herbarium"
"896","Warsaw_1_1","/work/calicraw/Projects/HerbariumMicrobes/Aligned/endogenous/GLUE/processed_bam"
"897","Warsaw_1_12","/work/calicraw/Projects/HerbariumMicrobes/Aligned/endogenous/GLUE/processed_bam"
"898","Warsaw_1_15","/work/calicraw/Projects/HerbariumMicrobes/Aligned/endogenous/GLUE/processed_bam"
"899","Warsaw_1_2","/work/calicraw/Projects/HerbariumMicrobes/Aligned/endogenous/GLUE/processed_bam"
"900","Warsaw_1_7","/work/calicraw/Projects/HerbariumMicrobes/Aligned/endogenous/GLUE/processed_bam"
"901","Warsaw_1_9","/work/calicraw/Projects/HerbariumMicrobes/Aligned/endogenous/GLUE/processed_bam"
"902","Warsaw_2_1","/work/calicraw/Projects/HerbariumMicrobes/Aligned/endogenous/GLUE/processed_bam"
"903","Warsaw_2_12","/work/calicraw/Projects/HerbariumMicrobes/Aligned/endogenous/GLUE/processed_bam"
"904","Warsaw_2_14","/work/calicraw/Projects/HerbariumMicrobes/Aligned/endogenous/GLUE/processed_bam"
"905","Warsaw_2_2","/work/calicraw/Projects/HerbariumMicrobes/Aligned/endogenous/GLUE/processed_bam"
"906","Warsaw_2_5","/work/calicraw/Projects/HerbariumMicrobes/Aligned/endogenous/GLUE/processed_bam"
"907","Warsaw_2_7","/work/calicraw/Projects/HerbariumMicrobes/Aligned/endogenous/GLUE/processed_bam"
"908","Warsaw_2_8","/work/calicraw/Projects/HerbariumMicrobes/Aligned/endogenous/GLUE/processed_bam"
"909","Warsaw_3_12","/work/calicraw/Projects/HerbariumMicrobes/Aligned/endogenous/GLUE/processed_bam"
"910","Warsaw_3_14","/work/calicraw/Projects/HerbariumMicrobes/Aligned/endogenous/GLUE/processed_bam"
"911","Warsaw_3_15","/work/calicraw/Projects/HerbariumMicrobes/Aligned/endogenous/GLUE/processed_bam"
"912","Warsaw_3_5","/work/calicraw/Projects/HerbariumMicrobes/Aligned/endogenous/GLUE/processed_bam"
"913","Warsaw_4_1","/work/calicraw/Projects/HerbariumMicrobes/Aligned/endogenous/GLUE/processed_bam"
"914","Warsaw_4_10","/work/calicraw/Projects/HerbariumMicrobes/Aligned/endogenous/GLUE/processed_bam"
"915","Warsaw_4_11","/work/calicraw/Projects/HerbariumMicrobes/Aligned/endogenous/GLUE/processed_bam"
"916","Warsaw_4_12","/work/calicraw/Projects/HerbariumMicrobes/Aligned/endogenous/GLUE/processed_bam"
"917","Warsaw_4_14","/work/calicraw/Projects/HerbariumMicrobes/Aligned/endogenous/GLUE/processed_bam"
"918","Warsaw_4_15","/work/calicraw/Projects/HerbariumMicrobes/Aligned/endogenous/GLUE/processed_bam"
"919","Warsaw_4_3","/work/calicraw/Projects/HerbariumMicrobes/Aligned/endogenous/GLUE/processed_bam"
"920","Warsaw_4_4","/work/calicraw/Projects/HerbariumMicrobes/Aligned/endogenous/GLUE/processed_bam"
"921","Warsaw_4_7","/work/calicraw/Projects/HerbariumMicrobes/Aligned/endogenous/GLUE/processed_bam"
"922","Warsaw_4_8","/work/calicraw/Projects/HerbariumMicrobes/Aligned/endogenous/GLUE/processed_bam"
"923","Warsaw_46_1","/work/calicraw/Projects/HerbariumMicrobes/Aligned/endogenous/GLUE/processed_bam"
"924","Warsaw_46_10","/work/calicraw/Projects/HerbariumMicrobes/Aligned/endogenous/GLUE/processed_bam"
"925","Warsaw_46_12","/work/calicraw/Projects/HerbariumMicrobes/Aligned/endogenous/GLUE/processed_bam"
"926","Warsaw_46_13","/work/calicraw/Projects/HerbariumMicrobes/Aligned/endogenous/GLUE/processed_bam"
"927","Warsaw_46_2","/work/calicraw/Projects/HerbariumMicrobes/Aligned/endogenous/GLUE/processed_bam"
"928","Warsaw_46_5","/work/calicraw/Projects/HerbariumMicrobes/Aligned/endogenous/GLUE/processed_bam"
"929","Warsaw_46_6","/work/calicraw/Projects/HerbariumMicrobes/Aligned/endogenous/GLUE/processed_bam"
"930","Warsaw_46_7","/work/calicraw/Projects/HerbariumMicrobes/Aligned/endogenous/GLUE/processed_bam"
"931","Warsaw_46_8","/work/calicraw/Projects/HerbariumMicrobes/Aligned/endogenous/GLUE/processed_bam"
"932","Warsaw_47_12","/work/calicraw/Projects/HerbariumMicrobes/Aligned/endogenous/GLUE/processed_bam"
"933","Warsaw_47_14","/work/calicraw/Projects/HerbariumMicrobes/Aligned/endogenous/GLUE/processed_bam"
"934","Warsaw_47_2","/work/calicraw/Projects/HerbariumMicrobes/Aligned/endogenous/GLUE/processed_bam"
"935","Warsaw_47_6","/work/calicraw/Projects/HerbariumMicrobes/Aligned/endogenous/GLUE/processed_bam"
"936","Warsaw_47_8","/work/calicraw/Projects/HerbariumMicrobes/Aligned/endogenous/GLUE/processed_bam"
"937","Warsaw_48_2","/work/calicraw/Projects/HerbariumMicrobes/Aligned/endogenous/GLUE/processed_bam"
"938","Warsaw_48_3","/work/calicraw/Projects/HerbariumMicrobes/Aligned/endogenous/GLUE/processed_bam"
"939","Warsaw_48_4","/work/calicraw/Projects/HerbariumMicrobes/Aligned/endogenous/GLUE/processed_bam"
"940","Warsaw_48_5","/work/calicraw/Projects/HerbariumMicrobes/Aligned/endogenous/GLUE/processed_bam"
"941","Warsaw_49_2","/work/calicraw/Projects/HerbariumMicrobes/Aligned/endogenous/GLUE/processed_bam"
"942","Warsaw_49_5","/work/calicraw/Projects/HerbariumMicrobes/Aligned/endogenous/GLUE/processed_bam"
"943","Warsaw_49_6","/work/calicraw/Projects/HerbariumMicrobes/Aligned/endogenous/GLUE/processed_bam"
"944","Warsaw_49_9","/work/calicraw/Projects/HerbariumMicrobes/Aligned/endogenous/GLUE/processed_bam"
"945","Warsaw_5_10","/work/calicraw/Projects/HerbariumMicrobes/Aligned/endogenous/GLUE/processed_bam"
"946","Warsaw_5_12","/work/calicraw/Projects/HerbariumMicrobes/Aligned/endogenous/GLUE/processed_bam"
"947","Warsaw_5_5","/work/calicraw/Projects/HerbariumMicrobes/Aligned/endogenous/GLUE/processed_bam"
"948","Warsaw_5_6","/work/calicraw/Projects/HerbariumMicrobes/Aligned/endogenous/GLUE/processed_bam"
"949","Warsaw_5_7","/work/calicraw/Projects/HerbariumMicrobes/Aligned/endogenous/GLUE/processed_bam"
"950","Warsaw_50_10","/work/calicraw/Projects/HerbariumMicrobes/Aligned/endogenous/GLUE/processed_bam"
"951","Warsaw_50_2","/work/calicraw/Projects/HerbariumMicrobes/Aligned/endogenous/GLUE/processed_bam"
"952","Warsaw_50_4","/work/calicraw/Projects/HerbariumMicrobes/Aligned/endogenous/GLUE/processed_bam"
"953","Warsaw_50_6","/work/calicraw/Projects/HerbariumMicrobes/Aligned/endogenous/GLUE/processed_bam"
"954","Warsaw_50_7","/work/calicraw/Projects/HerbariumMicrobes/Aligned/endogenous/GLUE/processed_bam"
"955","Warsaw_50_8","/work/calicraw/Projects/HerbariumMicrobes/Aligned/endogenous/GLUE/processed_bam"
"956","WVA_105307","/work/calicraw/Projects/HerbariumStructure/aligned/processed/herbarium"
"957","WVA_56235","/work/calicraw/Projects/HerbariumStructure/aligned/processed/herbarium"
"958","WVA_56236","/work/calicraw/Projects/HerbariumStructure/aligned/processed/herbarium"
"959","WVA_56250","/work/calicraw/Projects/HerbariumStructure/aligned/processed/herbarium"
